ParticipantID,Window(lux),SurveytDesk(lux),TestDesk(lux),SkyCondition,Env_5yrs,Env_home,Nervous,Satisfied,Wideawake,Fullofenergy,Stressed,Peaceful,Highlymotivated,Worried,Enthusiastic
1011,330,245,296,Cloudy sky,less dense urban,dense urban,a little,moderately,moderately,quite a bit,very slightly or not at all,quite a bit,moderately,a little,quite a bit
1021,1049,350,695,"Partly cloudy, sunny sky",dense urban,dense urban,a little,very slightly or not at all,moderately,moderately,very slightly or not at all,quite a bit,quite a bit,very slightly or not at all,quite a bit
1031,996,391,680,"Mostly cloudy, sunny sky",suburban,less dense urban,very slightly or not at all,a little,moderately,a little,a little,moderately,moderately,very slightly or not at all,moderately
1041,1730,420,960,"Mostly cloudy, sunny sky",village/ small town,village/ small town,a little,moderately,moderately,moderately,a little,moderately,moderately,very slightly or not at all,moderately
1051,1680,415,964,"Mostly cloudy, sunny sky",less dense urban,less dense urban,very slightly or not at all,moderately,quite a bit,a little,very slightly or not at all,quite a bit,a little,very slightly or not at all,a little
1061,860,390,450,"Partly cloudy, sunny sky",dense urban,less dense urban,very slightly or not at all,quite a bit,extremely,quite a bit,moderately,quite a bit,extremely,very slightly or not at all,moderately
1071,510,890,347,"Partly cloudy, sunset",suburban,suburban,very slightly or not at all,quite a bit,quite a bit,quite a bit,very slightly or not at all,extremely,quite a bit,very slightly or not at all,quite a bit
1081,310,270,277,"Overcast, cloudy",suburban,less dense urban,very slightly or not at all,moderately,quite a bit,quite a bit,very slightly or not at all,extremely,quite a bit,very slightly or not at all,moderately
1091,586,455,362,"Overcast, cloudy",less dense urban,less dense urban,very slightly or not at all,a little,moderately,moderately,very slightly or not at all,moderately,moderately,very slightly or not at all,moderately
1101,1180,480,580,"Overcast, cloudy",less dense urban,less dense urban,very slightly or not at all,very slightly or not at all,a little,moderately,a little,quite a bit,moderately,moderately,moderately
1111,1390,490,730,"Partly cloudy, sunny sky",village/ small town,less dense urban,very slightly or not at all,moderately,extremely,extremely,very slightly or not at all,extremely,quite a bit,very slightly or not at all,quite a bit
1121,1954,501,986,"Partly cloudy, sunny sky",dense urban,less dense urban,moderately,very slightly or not at all,a little,a little,moderately,very slightly or not at all,a little,quite a bit,a little
1131,1095,310,646,"Partly cloudy, sunny sky",village/ small town,village/ small town,very slightly or not at all,moderately,extremely,quite a bit,quite a bit,quite a bit,quite a bit,quite a bit,quite a bit
1141,790,306,480,"Partly cloudy, sunny sky",dense urban,dense urban,quite a bit,a little,quite a bit,moderately,quite a bit,a little,moderately,quite a bit,a little
1151,508,360,432,"Overcast, cloudy",suburban,suburban,moderately,quite a bit,quite a bit,a little,moderately,moderately,quite a bit,quite a bit,extremely
1161,630,360,524,"Partly cloudy, sunny sky",less dense urban,suburban,very slightly or not at all,quite a bit,quite a bit,moderately,a little,quite a bit,quite a bit,very slightly or not at all,extremely
1171,1678,366,784,"Mostly cloudy, sunny sky",less dense urban,less dense urban,extremely,a little,extremely,quite a bit,quite a bit,very slightly or not at all,quite a bit,extremely,moderately
1181,1048,356,511,"Mostly cloudy, sunny sky",less dense urban,suburban,very slightly or not at all,moderately,a little,a little,very slightly or not at all,a little,moderately,a little,quite a bit
1191,1091,345,434,"Mostly cloudy, sunny sky",less dense urban,less dense urban,very slightly or not at all,quite a bit,extremely,quite a bit,very slightly or not at all,extremely,extremely,very slightly or not at all,quite a bit
1211,150,288,260,"Overcast, rainy",less dense urban,less dense urban,very slightly or not at all,quite a bit,quite a bit,quite a bit,very slightly or not at all,quite a bit,extremely,very slightly or not at all,extremely
1221,343,362,418,"Overcast, rainy",less dense urban,less dense urban,very slightly or not at all,quite a bit,quite a bit,quite a bit,very slightly or not at all,extremely,quite a bit,very slightly or not at all,moderately
1231,765,440,390,"Overcast, rainy",suburban,suburban,very slightly or not at all,quite a bit,moderately,moderately,very slightly or not at all,quite a bit,quite a bit,a little,quite a bit
1241,1076,391,507,"Mostly cloudy, sunny sky",less dense urban,less dense urban,very slightly or not at all,quite a bit,moderately,a little,very slightly or not at all,quite a bit,quite a bit,very slightly or not at all,moderately
1251,1754,534,745,"Mostly cloudy, sunny sky",suburban,less dense urban,very slightly or not at all,quite a bit,quite a bit,quite a bit,very slightly or not at all,extremely,moderately,very slightly or not at all,moderately
1261,470,346,430,Overcast,less dense urban,less dense urban,very slightly or not at all,extremely,extremely,extremely,very slightly or not at all,extremely,quite a bit,very slightly or not at all,extremely
1271,291,318,348,Heavy rain,dense urban,village/ small town,quite a bit,very slightly or not at all,moderately,moderately,a little,quite a bit,quite a bit,a little,quite a bit
1281,453,351,421,"Overcast, rainy",dense urban,less dense urban,very slightly or not at all,quite a bit,moderately,quite a bit,very slightly or not at all,extremely,extremely,very slightly or not at all,quite a bit
1291,802,373,404,Overcast,village/ small town,less dense urban,very slightly or not at all,a little,quite a bit,quite a bit,quite a bit,a little,quite a bit,moderately,quite a bit
1301,606,415,540,"Mostly cloudy, sunny sky",less dense urban,dense urban,a little,very slightly or not at all,a little,very slightly or not at all,quite a bit,a little,extremely,quite a bit,extremely
1311,326,353,383,"Clear, Sunny sky",less dense urban,less dense urban,very slightly or not at all,quite a bit,quite a bit,quite a bit,very slightly or not at all,quite a bit,quite a bit,very slightly or not at all,quite a bit
1321,464,363,425,"Mostly cloudy, sunny sky",less dense urban,less dense urban,very slightly or not at all,very slightly or not at all,a little,moderately,a little,moderately,moderately,very slightly or not at all,moderately
1331,478,415,355,"Mostly cloudy, sunny sky",less dense urban,less dense urban,a little,very slightly or not at all,quite a bit,quite a bit,a little,moderately,moderately,very slightly or not at all,very slightly or not at all
1341,610,399,511,"Partly cloudy, sunny sky",less dense urban,less dense urban,very slightly or not at all,quite a bit,moderately,moderately,a little,moderately,quite a bit,a little,moderately
1351,1050,342,675,"Some clouds, sunny sky",less dense urban,less dense urban,a little,moderately,quite a bit,moderately,a little,quite a bit,moderately,a little,extremely
1361,730,218,390,"Clear, sunny sky",isolated house/ farm,isolated house/ farm,very slightly or not at all,moderately,quite a bit,moderately,a little,moderately,moderately,quite a bit,moderately
1371,240,298,294,Overcast,dense urban,dense urban,very slightly or not at all,moderately,moderately,moderately,very slightly or not at all,moderately,moderately,very slightly or not at all,moderately
1381,278,330,324,Overcast,less dense urban,suburban,very slightly or not at all,a little,moderately,moderately,very slightly or not at all,a little,a little,very slightly or not at all,a little
1391,201,310,294,"Overcast, rainy",dense urban,dense urban,very slightly or not at all,quite a bit,extremely,quite a bit,very slightly or not at all,quite a bit,quite a bit,very slightly or not at all,extremely
1401,202,308,317,"Overcast, rainy",village/ small town,village/ small town,very slightly or not at all,moderately,quite a bit,quite a bit,very slightly or not at all,quite a bit,extremely,very slightly or not at all,extremely
1411,209,332,354,"Overcast, rainy",less dense urban,village/ small town,a little,a little,moderately,moderately,quite a bit,a little,moderately,very slightly or not at all,moderately
1421,403,381,478,"Mostly cloudy, sunny sky",dense urban,dense urban,very slightly or not at all,moderately,extremely,a little,very slightly or not at all,a little,quite a bit,very slightly or not at all,quite a bit
1431,225,319,352,"Overcast, rainy",less dense urban,suburban,very slightly or not at all,moderately,moderately,moderately,very slightly or not at all,quite a bit,moderately,very slightly or not at all,moderately
1441,177,341,325,"Overcast, rainy",dense urban,suburban,very slightly or not at all,extremely,extremely,extremely,very slightly or not at all,extremely,extremely,very slightly or not at all,extremely
1451,211,343,329,Heavy rain,less dense urban,less dense urban,very slightly or not at all,moderately,moderately,moderately,very slightly or not at all,quite a bit,quite a bit,very slightly or not at all,moderately