ParticipantID,Window(lux),SurveytDesk(lux),TestDesk(lux)A,SkyCondition,Env_5yrs,Env_home,Nervous,Satisfied,Wideawake,Fullofenergy,Stressed,Peaceful,Highlymotivated,Worried,Enthusiastic
2011,115,309,283,"Overcast, rainy",dense urban,dense urban,a little,moderately,moderately,moderately,a little,a little,quite a bit,very slightly or not at all,quite a bit
2021,394,319,355,Overcast,less dense urban,less dense urban,a little,quite a bit,quite a bit,moderately,very slightly or not at all,quite a bit,quite a bit,a little,quite a bit
2031,950,250,495,"Mostly cloudy, sunny",suburban,village/ small town,very slightly or not at all,quite a bit,moderately,moderately,a little,quite a bit,extremely,very slightly or not at all,extremely
2041,606,391,460,"Mostly cloudy, sunny",less dense urban,less dense urban,a little,quite a bit,extremely,quite a bit,moderately,moderately,extremely,a little,quite a bit
2051,329,337,372,"Mostly cloudy, sunny",less dense urban,less dense urban,very slightly or not at all,extremely,quite a bit,moderately,very slightly or not at all,quite a bit,moderately,very slightly or not at all,quite a bit
2061,226,314,334,"Mostly cloudy, sunny",village/ small town,suburban,moderately,quite a bit,extremely,quite a bit,very slightly or not at all,quite a bit,quite a bit,very slightly or not at all,quite a bit
2071,176,297,275,"Overcast, rainy",suburban,suburban,very slightly or not at all,a little,extremely,quite a bit,very slightly or not at all,quite a bit,quite a bit,very slightly or not at all,quite a bit
2081,206,305,281,"Overcast, rainy",less dense urban,isolated house/ farm,very slightly or not at all,moderately,moderately,moderately,very slightly or not at all,quite a bit,extremely,very slightly or not at all,quite a bit
2091,156,294,324,"Overcast, rainy",suburban,suburban,very slightly or not at all,moderately,moderately,moderately,very slightly or not at all,a little,moderately,very slightly or not at all,moderately
2101,242,307,314,"Overcast, rainy",dense urban,dense urban,very slightly or not at all,quite a bit,quite a bit,quite a bit,quite a bit,a little,quite a bit,a little,quite a bit
2111,202,331,309,"Overcast, rainy",less dense urban,suburban,very slightly or not at all,moderately,quite a bit,extremely,a little,extremely,quite a bit,very slightly or not at all,extremely
2121,216,316,292,"Overcast, rainy",less dense urban,less dense urban,very slightly or not at all,extremely,moderately,moderately,quite a bit,moderately,extremely,a little,extremely
2131,289,346,378,"Overcast, rainy",dense urban,suburban,very slightly or not at all,moderately,quite a bit,quite a bit,a little,moderately,moderately,a little,quite a bit
2141,252,328,343,Mostly cloudy,dense urban,less dense urban,a little,moderately,moderately,a little,a little,a little,moderately,quite a bit,moderately
2151,207,316,317,"Overcast, rainy",suburban,village/ small town,very slightly or not at all,moderately,quite a bit,moderately,very slightly or not at all,extremely,quite a bit,very slightly or not at all,moderately
2161,236,318,311,Overcast,suburban,isolated house/ farm,very slightly or not at all,quite a bit,quite a bit,quite a bit,very slightly or not at all,quite a bit,quite a bit,very slightly or not at all,quite a bit
2171,255,324,341,Mostly cloudy,less dense urban,less dense urban,very slightly or not at all,moderately,quite a bit,moderately,moderately,a little,a little,a little,moderately
2181,311,336,347,"Overcast, rainy",less dense urban,village/ small town,very slightly or not at all,moderately,extremely,extremely,very slightly or not at all,extremely,quite a bit,very slightly or not at all,extremely
2191,293,335,349,"Overcast, rainy",suburban,village/ small town,a little,a little,moderately,moderately,a little,quite a bit,quite a bit,very slightly or not at all,moderately
2201,272,329,337,"Overcast, rainy",village/ small town,village/ small town,very slightly or not at all,extremely,extremely,quite a bit,very slightly or not at all,quite a bit,extremely,very slightly or not at all,extremely
2211,288,325,320,Overcast,less dense urban,dense urban,very slightly or not at all,extremely,moderately,moderately,very slightly or not at all,extremely,quite a bit,very slightly or not at all,quite a bit
2221,203,333,313,"Overcast, rainy",dense urban,dense urban,very slightly or not at all,quite a bit,quite a bit,moderately,a little,extremely,quite a bit,very slightly or not at all,quite a bit
2231,218,305,288,"Overcast, rainy",suburban,dense urban,very slightly or not at all,a little,moderately,a little,very slightly or not at all,quite a bit,moderately,very slightly or not at all,moderately
2241,260,285,322,Overcast,dense urban,dense urban,very slightly or not at all,quite a bit,quite a bit,quite a bit,very slightly or not at all,extremely,moderately,very slightly or not at all,quite a bit
2251,263,322,321,Overcast,village/ small town,village/ small town,very slightly or not at all,moderately,moderately,moderately,very slightly or not at all,quite a bit,quite a bit,very slightly or not at all,quite a bit
2261,288,312,306,Overcast,suburban,village/ small town,very slightly or not at all,moderately,a little,very slightly or not at all,very slightly or not at all,moderately,a little,very slightly or not at all,quite a bit
2271,289,314,334,Overcast,suburban,less dense urban,very slightly or not at all,quite a bit,moderately,moderately,very slightly or not at all,extremely,very slightly or not at all,very slightly or not at all,quite a bit
2281,284,337,352,"Overcast, rainy",suburban,suburban,a little,moderately,moderately,moderately,very slightly or not at all,moderately,quite a bit,very slightly or not at all,quite a bit
2291,258,344,365,Overcast,less dense urban,suburban,a little,moderately,extremely,quite a bit,a little,quite a bit,quite a bit,a little,quite a bit
2301,244,324,313,Overcast,dense urban,dense urban,very slightly or not at all,quite a bit,quite a bit,quite a bit,very slightly or not at all,quite a bit,quite a bit,very slightly or not at all,quite a bit
2311,151,307,332,Overcast,less dense urban,less dense urban,very slightly or not at all,moderately,moderately,moderately,very slightly or not at all,quite a bit,moderately,very slightly or not at all,quite a bit
2321,283,306,286,"Mostly cloudy, clear sky",less dense urban,less dense urban,very slightly or not at all,very slightly or not at all,moderately,quite a bit,very slightly or not at all,quite a bit,extremely,very slightly or not at all,extremely
2331,322,333,364,"Mostly cloudy, clear sky",dense urban,less dense urban,very slightly or not at all,moderately,a little,a little,quite a bit,moderately,extremely,moderately,extremely
2341,190,310,302,"Partly cloudy, clear sky",dense urban,less dense urban,very slightly or not at all,quite a bit,quite a bit,extremely,very slightly or not at all,quite a bit,moderately,very slightly or not at all,quite a bit
2351,220,323,325,"Mostly cloudy, clear sky",less dense urban,less dense urban,a little,moderately,moderately,moderately,a little,moderately,moderately,a little,moderately
2361,326,343,350,"Mostly cloudy, clear sky",suburban,less dense urban,a little,quite a bit,quite a bit,moderately,moderately,quite a bit,extremely,quite a bit,quite a bit
2371,296,304,319,"Overcast, rainy",less dense urban,suburban,very slightly or not at all,extremely,extremely,extremely,very slightly or not at all,quite a bit,moderately,very slightly or not at all,a little
2381,298,334,322,Overcast,less dense urban,suburban,very slightly or not at all,quite a bit,moderately,moderately,very slightly or not at all,quite a bit,moderately,very slightly or not at all,quite a bit
2391,274,317,287,"Overcast, rainy",dense urban,less dense urban,a little,a little,a little,a little,very slightly or not at all,moderately,a little,a little,a little
2401,289,312,315,"Overcast, rainy",less dense urban,dense urban,very slightly or not at all,extremely,extremely,quite a bit,a little,quite a bit,quite a bit,moderately,quite a bit
2411,236,312,321,Overcast,less dense urban,less dense urban,a little,moderately,quite a bit,quite a bit,moderately,a little,extremely,quite a bit,extremely
2421,234,304,301,Overcast,suburban,less dense urban,moderately,quite a bit,a little,a little,quite a bit,a little,a little,moderately,a little