Participant ID,Scene Number,Scene Type,Pleasant,Interesting,Engaging,Enjoy Working,Sentences Overall
2011,12,Overcast,4,5,4,6,it is where I studied I am familiar with the scene and there are trees and greenery and I can see chairs from the restaurant where I eat with my friends 
2011,10,Clear,7,5,7,8,looks peaceful and I like that leaves on the trees are moving and the university looks very bright with the sun and I can see the mountains in the far
2011,13,Overcast,4,2,3,4,feeling a bit sad the sky is grey there is not much greenery
2011,11,Clear,5,3,6,6,I feel calm because of the vegetation in this view and it feels wide
2011,2,Clear,7,5,6,7,feel like I am drawn to the houses in the background and I can see quite far away and like the luminosity and the fact that I can feel close to nature and it is calm with not much going on
2011,6,Overcast,7,7,8,7,feels peaceful and I can see far away in the mountains and a bit of the lake a big empty place that leads my vision to the mountains
2011,14,Clear,6,4,4,5,feel close to nature but maybe a bit too far from others it feels a bit isolated I don't think there will be many people pass by and I feel a bit lonely
2011,15,Clear,6,5,5,6,feels peaceful close to nature sun is shining so I feel like I am outside and I feel close to buildings so a best trade-off of being outside and inside
2011,5,Overcast,6,8,7,7,my vision is guided towards the mountains in the background and I can recognize buildings and I feel like I am in a dense environment don't feel like I am outside
2011,4,Overcast,5,4,4,4,feel a bit lonely here because it is a dense environment and I think there should be a lot of people but it is empty and the sky is grey so it is a bit unpleasant
2021,5,Clear,3,1,1,1,like the vegetation and the sky but I don't like the concrete buildings and man-made structures
2021,2,Overcast,0,0,0,0,there are buildings and a sculpture but I don't enjoy this kind of art and it is not very sunny so it is a bit depressing
2021,6,Clear,4,2,2,5,the light is good with the daylight and I can see the mountains and trees but I still don't like the concrete buildings
2021,11,Overcast,0,0,0,0,no good light and I am facing buildings that are dominating the view and despite the trees it is depressing and I would feel like I am in a prison working in this view
2021,12,Clear,6,5,6,7,there are a lot of trees and a cafeteria on the left so there is life on the right there are buildings and windows with the trees reflection and the light is pleasant
2021,14,Overcast,0,0,0,0,there is a small parking and buildings with point velo but I don't see what is happening in it maybe it will be more pleasant to see people working on their bikes there are also trees but I only see canopies
2021,13,Overcast,4,3,3,6,there are also a lot of buildings but I can still see the mountains and the lake and there are some grass and trees which are nice but not a lot of people so it is a bit lonely
2021,10,Clear,7,6,6,8,it is very open and wide with a lot of elements like vegetation and buildings and I would expect a lot of people crossing this place
2021,4,Overcast,6,7,5,7,there is a tree that dominates the view on the left which I like and also wide and open but it is not so sunny so it is a bit depressing but on a sunny day this will be better
2021,15,Clear,7,6,6,8,there is a lot of light on the vegetation and shadows which make some patterns on the orange building which is pleasant and good view of the sky
2031,2,Overcast,2,3,3,3,can see buildings and feel too organized with squares and so on I like seeing the trees 
2031,13,Overcast,5,4,5,6,feels good to have some colors on the right side don't like the left side it is all grey and also like to have a view far away with the mountains and I can see the lake as well
2031,5,Clear,6,6,5,5,feels a bit weird to have this big place with no one but it is quite calm and the buildings are quite interesting to look at and pleasant
2031,4,Clear,4,5,5,6,it is interesting to see this place with no people so it could be quite pleasant to work here with no distraction and I can see the nature with trees but wonder if it will be pleasant if there are a lot of people and cars
2031,6,Overcast,4,6,5,2,"feels a bit oppressing not comfortable to be in this big place with too much concrete feels a bit strange the background is pleasant with trees, lake and the mountains but the foreground is not pleasant at all"
2031,14,Overcast,1,1,1,2,"feels not really pleasant don't have a view to the far it feels blocked with dense trees, very dark"
2031,15,Overcast,6,5,6,7,it is quite pleasant to have a lot of greenery and also a bit of colors with the red but still a lot of grey buildings which are not nice to see it is nice to have the alley on the left but I think when people pass by it can be distracting
2031,12,Clear,6,6,5,4,it feels nice to have a lot of colors and trees it is pleasant that it is sunny but I see tables in the sun outside so I won't appreciate working here because I want to be outside in the sun
2031,11,Clear,2,1,2,2,it feels like I am just in front of the big grey wall that takes most of the view which is not pleasant or interesting
2031,10,Clear,5,7,5,6,view is quite good I see interesting buildings and greeneries but too much concrete and too high buildings in front but the view is quite clear and wide with a lot of things to look at  
2041,14,Overcast,6,5,7,5,like that there are many trees but I don't like the building on the right it is not interesting and it looks not so maintained the paint looks like it is coming off
2041,15,Overcast,8,9,9,7,"enjoy the red building and like the tree nearby outside the window and there are a lot of greeneries, trees, and plants and I enjoy the architecture and also feels quite open"
2041,13,Clear,8,10,9,8,really enjoy the building right in front with a lot of colors find it very engaging and also like that I can see the lake and there are many interesting buildings on the left
2041,11,Overcast,3,4,2,0,hate that there is the building in front I can't see too much so this feels very closed with not much to look at
2041,6,Clear,9,9,8,8,really enjoy that there are no buildings in front of the view so I can see quite far and I enjoy seeing the greeneries and good contrast with buildings and know that there will be people coming and going which makes it more interesting
2041,2,Overcast,6,4,6,5,like that there are big trees but they are also blocking the view so it feels a bit closed but I expect a lot of people passing by which will be nice and a clear view of the sky which is nice
2041,5,Overcast,7,7,6,7,like that there is a big view of the sky and also it is a center of the university so I will expect a lot of people coming here and like seeing the cafe
2041,10,Clear,7,5,3,6,it is very bright and I think it is because the buildings are all white so the reflection is quite high and there are a lot of buildings so I don't feel like it is interesting
2041,4,Clear,6,8,5,8,enjoy the architecture of the building in front of the window and there are trees by the window also an open space with clear sky
2041,12,Clear,9,7,8,8,love the building on the sides and also the greeneries and the colors are quite nice and feels very engaging
2051,6,Clear,8,8,6,5,it is a place that reminds me a lot of memories and the weather looks very clear so it is nice to see that as it is not always the case but it feels very empty which is strange
2051,15,Clear,4,3,4,2,I feel a bit oppressed because I can't really see the sky or landscape in the far and it does not look like a place to study because I expect a lot of people walking on the left and even though it is sunny it feels dark
2051,5,Clear,5,4,4,5,a bit oppressed by the tree in front of view and my view is not really clear but I definitely see the sky and mountains on the back which is pleasant
2051,11,Clear,4,3,3,4,it is quite nice because I can see quite far but buildings in front of me are ugly which ruins the view and I like the sky on the left with a clear view
2051,10,Overcast,7,7,5,6,I can't see that far away but the buildings in front of me are nice and pretty although it is not sunny I like having a big wide angle of the view
2051,4,Clear,5,4,6,3,could be quite nice but the shadows on the bottom and the trees on the left make the view a bit bad because they make the view feel closed and I feel too close to the ground
2051,2,Overcast,2,1,1,2,it is dark and I don't really feel comfortable here  there are many things but none of them are pretty or reassuring
2051,14,Overcast,3,2,1,3,it seems quite calm because I know this place and I know that no one will walk underneath but also look quite dark and there is no interesting or nice thing to watch 
2051,12,Overcast,4,4,5,0,reminds me good memories but I would not be able to work here because it is just a place where I go to lunch or to drink with friends so it will be distracting feel a bit oppressed with the surrounding buildings and it is not a nice view and will be noisy to work 
2051,13,Overcast,7,7,5,8,there is a nice view in the back with the mountains and the lake which is nice to work and to get lost in my thoughts and there are colors on the right which are nice as well but the left part kind of ruins it with all the buildings
2061,10,Overcast,5,7,6,8,really like the architecture but the fact that it is overcast makes it a bit sad and the light is not so bright as if it were to be sunny
2061,12,Overcast,5,7,5,5,the fact that it is not sunny makes it a bit dim and not motivating but the fact that there are trees and plants makes the view more engaging and like the color of the back building
2061,13,Overcast,6,8,7,7,the right side and background are very interesting as they are bright and I can see the lake and the mountains and there are also greeneries but the left side with all grey buildings is not so nice
2061,6,Overcast,10,9,8,9,don't know why but it feels pleasant maybe because of the big empty area that makes the view more breathable and there are also a lot of trees and nature and the building is also looking quite interesting architecturally and I can see the lake and the mountains which I like
2061,2,Overcast,4,4,3,4,It is a bit dark and oppressing because of the elements that are very close like the trees and the buildings and the grey color of the buildings and the darker light which I don't enjoy
2061,15,Clear,7,6,7,8,really like the greeneries and the architecture is quite nice with this point of view and there are a lot of trees and the sun which I really find motivating
2061,14,Clear,6,4,3,4,feels a bit overwhelming with all the trees in front of the window and the point velo building is not so engaging as I can't see inside
2061,4,Clear,9,8,7,9,the sunny weather and brightness I like and I like how there are no buildings blocking the view with an open view and I see interesting architecture as well
2061,11,Clear,5,5,4,5,it is very pleasant to have greeneries on the right but the fact that the building is so close makes it a bit overwhelming and there are not much open space to look at and it is not very pleasant
2061,5,Clear,8,8,7,9,I like having the big open space it is very pleasant and sunny weather makes it very pleasant and motivating and I can also see the mountains and artlab which is a nice architecture and even the colorful chairs and tables makes it motivating
2071,2,Overcast,6,4,4,7,I see big grey buildings that I don't like but I see the trees and birds passing and bikes which are more pleasant and it is also a familiar place
2071,14,Clear,6,4,4,5,I think the trees are nice but this is more of an isolated place of epfl and I don't like the building on the right and the trash in front of the point velo 
2071,15,Clear,7,4,4,7,"this is a building I like I worked in these rooms before and I like the trees, architecture, and the location is quite good"
2071,4,Overcast,7,3,5,7,"it is a place I like with the trees, epfl logo, and the meeting area in front but at the same time it is less pleasant than the other view I saw before"
2071,6,Clear,8,6,6,8,really like this view because this is a central point of epfl and there will be things going on in this place at the cafeteria and walking by
2071,13,Clear,6,4,4,6,like the view especially with the lake and mountains in the background but the buildings are not that nice there are a lot of construction work going on and it is more of a deserted place on campus
2071,5,Clear,7,5,5,7,I like it because it is a central place of epfl so I would expect activities going on here but the view is hidden by the bushes and the building in front of me
2071,12,Overcast,6,5,5,6,"like the view of the restaurant, trees, and the building in the background but the bridge in front of the window is not nice looks dirty"
2071,11,Overcast,6,4,3,6,like the trees and it is really a quiet place which is nice but at the same time I feel like there will be nothing going on here I will prefer more activities
2071,10,Overcast,8,6,5,8,I really like that I am quite high with a wide view and also enjoy the rolex building on the right also the mechanics building on the left but at the same time there are buildings under construction 
2081,11,Clear,9,5,6,7,like the trees and plants on the right and the roof but don't like the big building in front which is grey and industrial but the weather is really nice
2081,4,Clear,4,4,5,1,don't like how it feels deserted there are trees but they feel small and grass seem yellow and dry and empty 
2081,6,Overcast,10,9,8,10,like this view a lot can see mountains and the lake in the distance it would be even better with a better weather not many big trees but somehow it doesn't make it desert-like because there are other plants I can see and like the wooden building that makes it more nature-like
2081,15,Overcast,10,9,10,10,really like the forest on the bottom floor and there are a lot of dense nature and makes it feel like I am in like a jungle environment and the weather is a bit grey and I like that weather makes it feel cozy and at home
2081,14,Overcast,6,4,2,4,nice that there are a lot of trees but there is not much going on only two old buildings that are not well maintained and overall it feels too gloomy and dark
2081,2,Clear,5,3,4,5,"feel quite neutral about this view on one side it is pleasant with trees and sun but on the other side there are grey buildings, road, bikes, and old bridge, which make the view look a bit too industrial and the background overall feels a bit empty and dull"
2081,13,Overcast,6,6,7,6,"like that I can see the mountains, greeneries, small roads, and lake in the background but there are construction which I don't like and grey old buildings which don't mind them too much because has good contrast with the sky not sure if I like the rainbow colored building "
2081,5,Clear,7,8,8,6,like that this area will be lively and active in general although there is no one at the moment  and this area feels a bit empty but like the big bush in front and trees mixed with buildings and like seeing the mountains
2081,12,Clear,10,10,10,10,really like this scenery somehow there are good amount of buildings and nature it feels like a good cohabitation and I think there will be people passing by on the left which I like in terms of the movement level and I feel so calm and peaceful and like the weather and the amount of sunlight
2081,10,Overcast,3,2,2,3,like the amount of trees in the foreground and background but somehow there are a lot of industrial grey buildings and feels a bit old and gloomy and everything feels so grey
2091,2,Overcast,6,5,5,7,like the familiarity but don't like the grey sky so I am not that engaged
2091,10,Clear,7,6,7,8,pretty nice and sunny and it is a familiar place as well could be very pleasant working here also quite suburban with a lot of greeneries which is peaceful
2091,13,Overcast,3,3,3,2,don't like the building on the right and the view of the mountains is blocked by the many buildings overall too many buildings and industrial
2091,6,Clear,6,4,5,8,usually the area is too crowded but now it is very pleasant with no one and it is sunny very nice with the mountains in the back and interesting buildings with different architecture
2091,5,Overcast,4,3,3,3,not enough light and buildings look quite old other than the artlab and other than that there are nothing interesting in this view
2091,4,Overcast,5,3,4,7,quite peaceful with the green area and would be satisfying to work here although I am not fond of the road right in front
2091,15,Overcast,6,4,4,6,like the tree branches close to the window and lots of greenery and it is overall very peaceful don't like the red painted building but otherwise nice
2091,11,Clear,3,3,3,4,not fond of the building with the red paint on top looks old otherwise I can work here
2091,12,Clear,6,6,5,6,green which I am fond of and like the colors with the sun which gives a nice atmosphere to the view
2091,14,Clear,7,3,3,7,nothing too engaging can concentrate here with a lot of greenery and nature apart from the building on the right
2101,5,Clear,4,5,2,5,I see the mountains in the background and greeneries not too much and there are no people around I see birds flying with buildings that are not too interesting or high
2101,10,Overcast,4,5,3,5,I see many grey buildings I like the building on the right which is more interesting there is a hole in the middle there is a road with lawns in the center which gives some space for the eye but I don't see much in the horizon 
2101,4,Clear,5,6,5,6,I don't see a lot of built environment in front of the window I can see farther distance but can't really distinguish much on the right I see some buildings but they are not close enough to understand what is going on inside 
2101,15,Clear,5,6,6,7,there is a road where people can pass by on the left which is very close to the window and I can see bushes in front and trees below the window the building in front blocks the view to the farther distance
2101,2,Overcast,4,4,4,5,there is a building that cuts the view in front and it is grey and there are some trees but also a road where cars can pass by there is something red on the right which adds more color
2101,11,Overcast,5,5,6,6,"there is the green terrace on the right that is quite close and I can see quite far and there are some colors from the building right in front with red and there are some greeneries, road right on the left but far in the back I can see some cars and people moving"
2101,14,Overcast,4,3,3,6,it is more peaceful I can see small buildings on the right side and there are trees and small construction in front but less going on and seems like a park more enjoyable
2101,13,Overcast,6,5,5,7,I can see quite far right in front of the window with the lake and mountains which is pleasant to look at but there are buildings and a construction in the foreground which are not so nice
2101,12,Clear,5,5,6,6,there is a red building in front which blocks the view to the far and on the left and right there are buildings and construction I like the passage on the left with chairs and tables where I expect people coming and staying
2101,6,Clear,6,6,5,7,can see the lake and mountains in the background and there is a big square right down the window so there are a lot of things I can look at I see some interesting buildings and small trees and paths for people to walk 
2111,11,Clear,8,6,7,8,like that it is sunny which gives me more motivation and I recognize where I am but the view is blocked by the building right in front wish I have more of an open view and more greeneries
2111,12,Overcast,5,4,5,6,less sunny so it looks darker and sharper and the bridge in front looks a bit old not well maintained but I can see quite big of a sky with a wide view where I can see quite far into the distance
2111,15,Overcast,8,7,7,8,really like that there are a lot of vegetation on the right and with an open sky and although there is a building on the left but it is with an open corridor so the area feels larger and calming and can see farther out which I like
2111,6,Overcast,9,8,8,7,like the big open space and it is a place that is usually filled with people so it feels more lively and not abandoned so it feels like a space that is lived in and I can see the lake and mountains on the other side with greeneries around
2111,2,Overcast,6,6,5,4,feels imposing with the tower structure on the right and that is still quite close and can't see where it ends so I feel a bit overshadowed by it and the buildings are not as nice to look at and not quite as lively and seemed darker
2111,4,Overcast,9,7,8,9,besides the grey building on the right all the buildings are quite low and can see a large portion of the greenery and sky so it is quite pleasant and calm and the tree on the left where I can see the leaves moving which is quite calming
2111,13,Clear,9,9,8,9,like the building on the right it is really colorful and draws my eyes to it which is contrasting to the other grey buildings and it is also hit by the sun which makes the view pleasant and I can see the lake and mountains in the far distance with greenery which I find pleasant can also see a lot of the sky with the low buildings
2111,5,Clear,9,10,9,8,there is a lot more sun with bright sky and buildings which makes the view more pleasant and I can see the vines growing on the left which is also nice to look at and calming and like seeing the sky and a bit of the mountains in the far and like seeing the birds flying around
2111,14,Clear,7,7,6,6,recognize where we are with the buildings and there are not much to look at the color palette is grey and green trees are nice but they take up too much space and buildings are not nice to look at but I like the sunny weather
2111,10,Clear,8,8,7,6,very open space and since the buildings are not as close I feel like there is a room to breathe and it is a sunny day with a lot of greeneries with trees that relax and calm me and I can see the sky only a little bit of the mountains but don't like how trees are yellowing and look like they are dying or abandoned
2121,10,Overcast,4,2,3,5,don't like how everything is grey with the concrete I like seeing the vegetation which is why I would be okay to work here but the concrete is depressing
2121,13,Clear,7,5,7,8,like the sun and how colorful it is with more vegetation and I see the mountains in the back which brings more depth
2121,6,Overcast,8,7,6,7,compared to the other view it is a more open field I feel like I can breathe with the openness and like the vegetation and mountains in the back
2121,15,Clear,5,2,4,4,the left part is very oppressive and dark and the right part is nice but there is no depth to this view and it is a bit depressing but the vegetation is nice
2121,2,Overcast,3,2,4,2,very grey and the buildings are very ugly and there is no depth with the big structure on the right very city-like
2121,14,Clear,7,5,8,9,it is really nice with a lot of vegetation and that it is sunny is nice and there is more depth and it looks like a forest and it is nice
2121,4,Overcast,4,3,6,6,it feels like it is taken from a low point in terms of height and it is a mix there are some vegetation and ugly and nice buildings so I feel mixed
2121,12,Clear,7,6,7,8,it is very colorful and there are vegetation which is nice and buildings but there is a depth makes the view not feel oppressing
2121,5,Overcast,5,4,5,4,I feel like the left part is hidden apart from the ugly buildings and bushes and the right part there are these 70s style buildings it feels meh
2121,11,Clear,4,3,3,6,the left part is nice with a lot of depth and vegetation and the right part is also nice but the central part feels dark and not pleasing at all but the size makes it quite nice
2131,4,Clear,6,5,3,7,for working it is good and bad good thing is that I have a very strong daylight but not towards me but during the lunch break there will be a lot of people walking on this road which will distract me
2131,6,Overcast,4,2,2,2,there will be a lot of people on this plaza with music although this is deserted at the moment so for working it won't be pleasant but it is very interesting to see people but like the mountain in the background
2131,14,Clear,6,4,6,8,very sunny and quiet not much going on don't expect not many people moving either it is nice to focus on nature and animals and like that there is no direct sunlight
2131,13,Clear,5,6,5,5,architecturally it is interesting with different colors and styles and seeing the mountains and the lake in the back is very nice with a great depth and connection to the sky and from the small road in the back don't expect too much movement
2131,2,Clear,4,5,3,5,it feels normal typical suburban view but it is interesting to have different levels and I expect people in different directions but nothing that interesting
2131,15,Overcast,5,6,3,4,"on the left side there is a corridor on the same level where people can move and on the right side it looks like a deserted town with no people but trees and plants are quite diverse I expect people moving which will be distracting with no privacy, the weather is not so nice either"
2131,10,Overcast,6,6,4,5,for now it seems quiet but I expect a lot of movement in this view during the semester I think working would be fine if acoustic conditions is good with not so much noise like being on this level 
2131,5,Clear,5,4,4,5,sunny at the moment and I expect a lot of people on the plaza so I think it depends on the function of the room would enjoy having a gathering here I like the atmosphere now because it looks quiet and calm
2131,12,Overcast,4,3,6,0,there is a restaurant next to the window before the pedestrian bridge and a courtyard below the window and the weather is not nice and it looks kind of sad
2131,11,Overcast,6,4,6,7,it is quiet and despite the bad weather I feel like this is a view that I can focus and also I enjoy this view as it feels private and I don't expect much movement from this view
2141,12,Overcast,7,2,3,5,like that I know this view and I feel comfortable because I know this place but it is not a place that is pleasant or nice to work from or have every day
2141,14,Overcast,2,2,2,2,don't feel comfortable because the colors are dark and I only see grey and I can't see over the trees so it feels like a closed view and isolated
2141,13,Clear,6,5,5,6,like the color schemes and also the view of the mountains in the back it feels peaceful but at the same time I can see that it is a closed street and the grey buildings on the left which I don't like
2141,2,Overcast,4,3,3,3,feel a bit far from the people and life outside and my view is a bit blocked on this street so I don't feel comfortable
2141,4,Clear,6,6,6,7,like that it is open I can see the landscape behind and the vegetation is bright also it is not blocked by other buildings
2141,6,Overcast,8,7,8,8,feel good looking at this view because of the landscape the mountains behind and a lot of greeneries and there is an open space and seeing tables and chairs with bright colors make the view more lively
2141,10,Overcast,4,3,4,4,like vegetation and I feel like I can breathe there but I don't like how this is a closed view with the surrounding grey buildings
2141,5,Clear,6,6,6,7,feel comfortable because I feel I am a part of the buildings around with a lot of space in front and I can see the mountains in the distance and can look at the life outside
2141,11,Clear,4,3,4,4,don't like that it feels blocked with the plants on the side and big building in front which also blocks the light coming in but I feel safe in some ways
2141,15,Clear,4,5,5,5,it feels calm and peaceful
2151,4,Overcast,6,7,4,4,it is intriguing with the structures for someone who haven't seen them and I like the greenness of the view although trees are a bit small and long the view feels a bit closed maybe a bit too close and the sky is a bit grey
2151,6,Overcast,5,7,7,5,like the perspective and the building in front if interesting too and I like seeing benches and the mountains in the background are nice but they are not so visible with the sky condition
2151,14,Clear,4,3,6,5,"like the fact that there are so many trees, feels green, and natural but the point velo block is not so pleasant to see but it is nice to see the bikes"
2151,13,Overcast,4,4,4,6,the right part of the view is nicer with the colors on the building but the left side feels too grey and blockish but at the same time there are a lot of plants and trees on the roof which brings more life but feels very two-sided
2151,2,Overcast,6,6,7,6,it feels more balanced between colors with red and green and like the greenery and passages where bikes are and I like the area 
2151,11,Clear,6,5,7,5,"feel a bit sad that there is a big block just in front of the view but the greenery with sunlight is nice and pleasant, calm, and peaceful"
2151,5,Clear,8,7,7,6,"it feels a bit too close to where people will be walking and as a working environment might be a bit noisy but overall like the balance of the view with trees, mountains, sunlight"
2151,15,Clear,8,8,7,6,like the contrast between left side that is very built and right part which is wilder and filled with trees and natural
2151,10,Overcast,4,5,4,5,feels very grey especially the roof of the rolex building and background also feels grey but there is nature in the foreground with depth of view with no buildings straight away which feels relaxing
2151,12,Clear,7,8,8,8,it is nice with a depth of view and contrast with the sunlight and shadows and I feel more attracted to places I can see on the right than those under shadow 
2161,14,Clear,8,4,4,9,I like that it is not obstructed by buildings like the greeneries and trees and also it is a nice weather and I feel isolated and protected which feels nice
2161,13,Overcast,5,3,4,4,it feels a lot more open and it is interesting to have the contrast between the colorful and grey buildings but a bit disturbing and like that I can see the mountains
2161,5,Clear,7,5,5,7,"feels a bit homogenous and open which I feel I would be distracted by more and I don't feel trapped by big buildings like that I can see the mountains, it is very green and bright"
2161,10,Overcast,3,3,4,6,feels homogenous and wide open but I don't feel as exposed as the view before still very green and like looking at the orange tree in the middle
2161,4,Overcast,5,4,5,6,very green and open but not exposed the tree on the left is very close which feels a bit weird but still good green to grey atmosphere very chill
2161,2,Clear,9,8,7,9,it is colorful without being too colorful and it is bright and sunny and I feel comfortable that I am still in the shadows makes me feel safe and secure and like that the view has depth and layers
2161,6,Overcast,4,4,5,6,it is very open and bright because of the colors and knowing what buildings are in front it feels not so exposed and it is very open and grey and the art lab has a funny shape calm and nice to look at the mountains
2161,15,Overcast,9,8,8,8,feels really calm and I really like the mix of trees coming out of buildings and bushes it feels calm but alive with the trees moving and like the depth of this view
2161,12,Clear,6,6,6,7,it doesn't feel as open and exposed which I like and I feel like I am a bit lower in height than before colors are very cool and the building is also interesting 
2161,11,Clear,3,3,3,4,feels really closed and the building in front feels like it is closing on me but there are still a lot of greeneries which is calming but the building in front is not nice to see feels a bit depressing
2171,14,Clear,6,4,5,7,really like how green it is makes it appropriate for studying and also the park dedicated to bikes as well it is fitting to the context but I don't like the building on the right side
2171,2,Clear,5,6,5,5,all the trees make the view really great and like the buildings here more and also the part that leads my eye down and like the little red touch on the left side building
2171,11,Overcast,4,4,3,4,don't really like it because there is a big building right in front of the window so a large part of the view is hidden which makes it less enjoyable
2171,4,Overcast,6,7,6,7,it is quite cool with the rolex center on the left although I can't fully see it with the tree in front and if I am working from here I would see a lot of people walking in front of me which will make the view very interesting and I can see a lot
2171,15,Clear,7,6,7,8,really like the view it seems like I have the advantage of being high up because there are a lot of trees below and this gives a nice illusion and enjoyable and the time of day helps with a good contrast in light and shadows
2171,10,Clear,7,8,7,8,quite great as I can see a lot and I see mountains on the back which is pleasant and gives me an impression of seeing very far away and the greeneries are nice to see as well with the new building with unique architecture on the left side and the rolex on the right and I expect a lot of people going through so it would be interesting
2171,13,Clear,8,8,7,8,mountains in the back are very cool with no obstructions and there are contrast which is cool to see between left and right with architecture and still a lot of trees and greeneries which are nice
2171,6,Overcast,8,9,7,9,mountains are the great highlight of this view otherwise I have a nice view of the campus with old buildings on the right side which are unique and interesting to see and new buildings on the left
2171,5,Overcast,6,5,6,6,I can't see mountains that well and my view is a little bit blocked with this angle with trees and buildings and I can't see the mountains or lake too much 
2171,12,Overcast,4,4,4,3,not very interesting and it is very grey with not much light and it feels dark and old with the old buildings and old bridge that are not well maintained the green part is nice but doesn't save the view
2181,10,Overcast,7,7,8,8,can see buildings from the epfl campus the rolex center which I enjoy a lot and some trees and buildings in the distance from UNIL and I can't see any people don't like the cloudy sky too grey for me but I can see some mountains in the distance which is pleasant
2181,15,Overcast,5,6,6,7,like that there are a lot of trees and greeneries but don't like the style of the buildings the colors are quite grey as well don't like the rusty windows and grey sky
2181,14,Overcast,4,4,6,5,can see the point velo but from the outside it looks like garbage storage unit and a grey building on the right with parking which does not please me much but like the trees in front
2181,4,Overcast,8,8,7,9,like the buildings the architecture style and how they are built and like how I can see a lot of trees and the road in front is not pleasing but trees compensate for it but don't like the concrete wall in front and the trash cans
2181,12,Clear,8,8,8,7,like that now it is sunny and there are a lot of trees but don't like the architecture of these buildings but from this point of view I can see more greeneries which I like and enjoy seeing the cafeteria would be nice with people but don't like the bridge that looks not well maintained
2181,6,Clear,10,10,10,10,"like everything except the building on the far left love the architecture, lake, and mountains, and greeneries in front with trees also sunny"
2181,11,Overcast,5,4,4,3,hate the grey wall in front of the window which takes all my attention not in a good way like the greeneries but don't like seeing the trash bins and the construction
2181,13,Clear,7,5,7,6,don't like the left part of the view it is too grey for me but like the right part it is colorful and more modern than the left part in terms of architecture don't enjoy the construction site and I don't see much trees but like seeing mountains and the lake in the distance
2181,5,Clear,8,8,7,7,can't see the lake and only a bit of the mountains which I would like to see more of and don't like the grey building on the left but the modern buildings on the right are nice to look at and it is sunny which gives me energy
2181,2,Clear,5,5,4,4,the only thing I like about this view is the trees don't like the building in front of me also the bike parking is not pleasant to the eyes and don't think there are much light so I feel like I will fall asleep working here 
2191,4,Overcast,7,4,2,8,see the campus and a lot of trees with leaves and it feels nice I see a grey sky so it is not nice to have a blue sky and like having open view
2191,5,Overcast,4,5,4,6,I know the place well and I see most of the things from above except the building on the left which blocks the view of the mountains the weather is not so nice and like the building in front the artlab and like that I can see people passing although there is no one right now
2191,15,Clear,8,4,4,6,like the light on the red building gives nice colors and like that there are trees on the right but don't like the roof which gives a lot of shades
2191,6,Clear,8,6,8,8,see the mountains and the lake and open space with a clear sky and trees I like this place and the buildings that I see are nice
2191,12,Overcast,4,3,3,6,see a lot of old buildings closing the space the nice part is that it is open to the sky and has trees but gives an impression of being closed inside the buildings
2191,11,Clear,4,4,4,5,I am on the third floor so I have a view above the outside space so I have a good view of the sky and like bushes on the right and don't like trash on the bottom left
2191,10,Clear,4,5,4,6,don't like the fact that there are not much grass but concrete on the floor but I like the rolex building and the curves and the mountains on the back like that I can see construction it is interesting
2191,14,Clear,7,7,6,8,it is very peaceful mostly trees that I see and like this place point velo and like that everything is calm with not much movement and like the color of the trees very peaceful with a lot of light
2191,13,Overcast,4,2,2,5,it is very open and a view to the mountains and lake but it is mostly hidden by the buildings like the height and the colors of the building on the right are nice but see construction going on and like that there are a lot of trees
2191,2,Overcast,3,4,2,4,feel oppressed by the structure on the right and  the trees are blocking the view and I see a lot of concrete on the road and bridge so it is all very grey with no openness feeling
2201,11,Clear,5,4,4,4,don't like the proximity of the building with the shades but it has some plants and greeneries that are nice but feels a bit messy
2201,15,Overcast,4,3,3,4,the beam on the left is too close and there is also a branch in front of the window that is also very close and the sky is grey with not much light 
2201,4,Overcast,6,7,7,7,view is very open so there is no direct obstacle beside the tree on the left maybe the road is a bit close which might be distracting with cars and people but in this case it is empty so it is a nice view
2201,13,Clear,5,5,4,5,even though the buildings are quite close it is more open than the previous ones so it is less oppressing and feels like the shades are farther away so there is more light but still not very open view
2201,10,Clear,6,6,7,6,it is too bright there is a lot of light and the view on the roof of the rolex is not that nice but the rest of the view is really open and bright so it is nice that makes me want to go outside
2201,14,Overcast,2,1,1,2,it is really dark and everything seems very closed it feels like a big wall just in front of the window and there is nothing much to see
2201,12,Clear,6,5,5,4,it is quite dark under the building on the right and the light far away is very contrasting to the shadow it is not too closed but not too open either
2201,5,Clear,5,6,6,5,the light on the esplanade is very strong and white bit too much and the trees just in front take a lot of the view generally this will be a busy place so I don't think I can concentrate but the view is quite open
2201,6,Overcast,7,7,7,7,it is the same place as before but with a better light and view to the mountains and the lake so there is much more to look at even if it is a busy place
2201,2,Overcast,1,1,0,1,it is too dark and everything is too closed with trees and structures and the trees in front block a lot of the view and there is really little light and not much to look at
2211,10,Clear,4,3,5,3,the view is great but this is where I usually work so from my personal experience this is too familiar and not interesting
2211,5,Clear,6,5,7,6,the light with the sun is pleasant and warm and it feels relaxing and I like the architecture of the artlab with the sun it is really nice but also a bit strange that it is empty
2211,12,Overcast,2,3,2,2,it is really depressing it looks like it is all grey and sad with no life
2211,14,Overcast,4,5,5,4,if there were no buildings like the point velo I think it would be great to feel like I am in the forest or in the countryside but the point velo is ruining the view and the building on the right feels okay 
2211,11,Clear,6,4,5,6,the right side is grey and depressing but the view on the left is okay with the sun and greeneries  
2211,6,Overcast,5,5,4,5,it feels grey with not that much grass and can see the mountains at the back but not so clearly so it feels a bit hazy not a lot of different lighting
2211,15,Overcast,6,6,5,5,it is really divided in two parts with a lot of nature on the right and so built on the left so it feels a bit strange and feel like I am in a jungle with building popping up but there is a good contrast
2211,4,Clear,6,4,4,5,it is flat there is no verticality and also everything is really bright and it feels like super empty which feels strange 
2211,2,Clear,7,6,7,7,the sun seems to be a little low so it feels like it is a morning so I would like to work with this light which is very pleasant and refreshing and it is a bit more orange so it feels warm
2211,13,Overcast,4,6,5,3,it feels super strange it is like grey contrasting with a really colorful building that are so different from one another which makes me feel really strange I can't really describe it
2221,13,Clear,8,4,5,4,very much like the bright colors and the good weather outside especially since today is quite bad and like that it is dynamic with some life going on but don't like the architecture style and the construction work on the right side
2221,11,Overcast,3,2,2,3,it is a lot more closed with less good long view and the weather is more grey which doesn't help and I see trash bins which are not nice to look at but having greenery is nice
2221,5,Clear,8,9,7,4,to have a very long view that is very open is very nice and having vegetation is also nice with good weather and mountains in the background but I think I will get easily distracted as it will be crowded
2221,10,Clear,7,8,6,4,like the diversity of buildings and architecture make it more lively and the point of view is very interesting and the good weather and vegetation makes it nice but buildings in the background are not nice
2221,4,Overcast,5,6,7,7,this feels a bit sad because of the weather and grey sky also my view being cut by the tree on the left is a bit frustrating but it feels so quiet and mainly is green makes it very nice and calming
2221,2,Overcast,3,2,3,2,having the bikes right in front make the view feel messy and the view feels restrained by buildings left and right and big trees having vegetation is still nice but architecture is not particularly nice
2221,6,Overcast,7,8,8,4,the whole view feels very well organized with a good symmetry from left to right with buildings and greeneries but also feel like I can be easily distracted with a lot happening on the esplanade but the open view of the lake and mountains are very nice
2221,14,Overcast,2,2,2,3,feel like there is not much to see nothing interesting the nature is not particularly nice and point velo is not interesting and the building on the right feels very rough with cement
2221,12,Clear,6,5,4,4,"I feel neutral in the way that it is colorful, sunny, there are trees and open space but at the same time it is not open feel like there will be good engagement but not too much"
2221,15,Clear,3,5,4,6,I feel like I am in the corridor and it feels like I am looking at people passing by on the left side and feel exposed and distracted but the weather and vegetation are nice
2231,10,Overcast,9,5,6,9,it is peaceful nice to see nature and but there are too many buildings but apart from this it feels quite open and nice
2231,15,Clear,5,2,2,2,feel quiet and the view is not clear and there are too many obstacles and the plants feel squeezed in the corner 
2231,2,Overcast,4,3,4,4,it is nice to see the sky and there are big trees blocking the view but I don't feel cornered 
2231,14,Clear,6,3,4,5,the weather is nicer so it is more pleasant with the sun and blue sky and trees are greener more colors to it so it is nice the only thing is that the view feels still blocked
2231,13,Overcast,5,5,6,6,like that I can see far away the mountains and the lake and everything is nice to see although weather is not that nice do feel a bit in the alley
2231,4,Clear,7,6,6,7,weather is nice there are greeneries with no highrise buildings so the view is not blocked the only thing is that the tree kind of cuts the view and corners it but not problematic
2231,5,Overcast,5,6,6,6,it is nice to have an open space that is elevated compared to the nearby buildings although there are buildings that are higher that block the view still feel like there is an open space
2231,11,Clear,5,4,4,5,"have a clear space in front even though there is a building slightly blocking the view, the weather is nice, and it is nice to have a breathing space"
2231,6,Overcast,5,4,5,5,it is nice with a clear view and I can see mountains and lake the weather really ruins the view but the space is open for my eyes to roam around but the greeneries are not so green which is too bad
2231,12,Clear,4,3,3,4,like that there are no objects blocking the view in close proximity the view feels open and clear but I feel surrounded by the buildings farther away and despite the nice weather I feel like I am trapped
2241,11,Clear,8,5,8,7,there is a lot of light which is really nice also a lot of vegetation and I like seeing different buildings and the passage in front is really nice too 
2241,4,Clear,5,6,4,3,it is very quiet with a lot of trees but the vegetation is used and grass is almost dirt so it is not very appealing and the road in front I expect a lot of traffic so it doesn't feel pleasant
2241,6,Clear,8,7,8,7,it is really beautiful to see the mountains and the lake the building on the right as well and a nice perspective too it is very long so I almost feel like I am in front of the picture but I think it will get crowded
2241,14,Clear,6,3,3,4,don't like how there is no background and I can see trash bins in front with a lot of cars and bikes so it must be very noisy it is wide but not very pleasant
2241,13,Clear,7,8,6,8,"like the perspective with buildings behind, lake, and the mountains which is very pleasant and the colors on the right building is very appealing and provides a lot of energy on the left there is not a lot of light so must be very tiring to work here but like the vegetation"
2241,12,Overcast,4,6,3,2,it is very narrow so I don't feel like I have a lot of freedom in this space and it is an urban environment and I hate the grey sky and bad weather I think it will be better on a different floor
2241,15,Overcast,5,5,3,5,the trusses on the left are really nice and appealing the red color also is providing a lot of energy but the passage on the left must be noisy so if it is one floor below it will be better but like the vegetation
2241,2,Overcast,2,5,2,1,don't like that there are a lot of bikes and a container in front so it is not nice working environment but can see the building behind and in front but not so interesting some trees and bushes but not very good either
2241,5,Overcast,8,8,8,9,feels very open because it is very wide and more privacy than before don't see the mountains clearly but can still see them which is nice and the place feels better for concentrating on my work
2241,10,Overcast,6,7,5,4,feel trapped because there is a background that is not open so it is not nice to have walls surrounding the window there is a lot of traffic with passages so I don't feel at peace here
2251,11,Overcast,6,5,7,7,like the trees and greeneries and calming places but the only thing that bothers me is the trash bins
2251,4,Clear,7,5,5,7,there is a lot of light and it seems very clear and still like that there are trees and there is not anything that bothers me maybe I am frustrated that I can't see the lake
2251,2,Clear,5,4,4,6,"I like the greeneries, trees, and I feel more isolated than the other scenes which I like but there is not anything I can watch or look at"
2251,5,Clear,6,7,6,5,feel like there will be a lot of people walking in front of me which will disturb me but I still like the greeneries and the mountains in the far
2251,12,Overcast,3,3,2,3,on the left I think people will be walking by and there is a cafeteria which will be distracting for me but still like the trees and greeneries but I feel surrounded by the buildings which I don't like
2251,13,Overcast,5,4,6,7,still like the trees and greeneries and I see the lake and mountains which are nice and the colored building is also nice to see
2251,6,Clear,8,7,8,8,"I feel like I see a lot of things the mountains, lake, different kinds of buildings, and I feel very open I expect a lot of people walking but don't find it disturbing"
2251,10,Overcast,3,5,4,5,I see a lot of grey buildings and the roof of the rolex looks brown and it is disturbing and I would really look at that a lot like the trees still
2251,14,Overcast,2,1,1,4,I feel like if I really need to work I can concentrate but I feel isolated here and I don't like looking outside there are bushes which are very close to the windows
2251,15,Clear,7,5,4,5,there will be people walking by the window which I don't like but like the greeneries but don't like or find it motivating that I will be on the shadows all the time
2261,11,Clear,7,2,5,8,like that there are greeneries and a clear sky with not so much traffic 
2261,13,Clear,6,4,5,5,like it because of the colors and mountains but don't like how I will be able to see people walking in front of me and the construction on the right
2261,15,Clear,4,2,4,1,don't really like how it is next to the passage where people will pass by and it feels too industrial for me
2261,14,Overcast,6,2,5,7,it feels very calm and peaceful with not so much traffic so can be nice to work 
2261,2,Overcast,3,2,2,1,don't like grey buildings in front and I think I can be disturbed from work with people around
2261,5,Clear,5,4,4,3,like the artlab in front the design is very nice but being in front of the esplanade is too distracting for working
2261,6,Overcast,6,4,6,5,"like it more because I can see the lake and mountains, artlab, and MED building but the crowdedness will disturb my work"
2261,12,Clear,4,3,4,2,like the trees but I feel like this place is too close to the area where people can be which I will be too distracted
2261,4,Overcast,5,4,4,3,like this view and everything but this place there will be too many people passing by
2261,10,Overcast,5,5,4,5,like the design of the buildings but it is too industrial for me
2271,4,Overcast,7,2,2,8,like that there are a lot of trees and greeneries but how constructed it is makes it not so nice and makes me feel neutral towards the view
2271,13,Clear,4,1,1,5,think the building in front is too colorful so it is distracting and overall very constructed so not that pleasant to see but there are still some greeneries and mountains on the back that are nice
2271,14,Clear,8,6,3,9,very calm and there are a lot of trees so it doesn't feel like I will see that many people close so not that distracting and a bit of road on the left which catches my eyes a little bit
2271,15,Clear,7,7,6,8,feels like I can focus on the greeneries on the right and can't really discern anything so it is relaxing at the same time feels like there will be passage on the left with windows so there are still room to explore
2271,11,Overcast,3,4,3,4,walls are cutting short the view and there is a road on the left it is not that pretty but it is okay
2271,2,Overcast,6,6,6,6,the trees are peaceful and there are birds that I can see flying so it is nice and catches my attention there is a passage so I expect more movement
2271,12,Clear,7,5,6,7,like it because it is bright and this feels more safe to be surrounded by buildings and with an indoor garden in front but can't see far 
2271,10,Overcast,8,5,5,9,there are a lot to see it is very clear with not much obstructing the view I can still see trees everywhere and I like that the weather is kind of overcast which feels calming
2271,6,Clear,10,7,6,10,it is bright and I can see the mountains and lake there are trees but not obstructing the view and it is nice to have this view where I expect more people and activities
2271,5,Overcast,6,7,6,7,the is not as clear as the previous scene but can see more architecture of the buildings in front and mountains it will be engaging to see what is happening at the cafeteria on the right
2281,14,Clear,6,2,4,3,like that it is very green but the buildings are very blockish with no colors
2281,10,Clear,8,7,7,7,it is very open with a lot of space so I can imagine a lot of people passing by and the weather is clear so I can see a bit of the mountains and there is a good balance of greenery and buildings
2281,11,Overcast,2,2,2,1,the building is very imposing and not very colorful and looks old and not well maintained there is a bit of vegetation but not enough
2281,2,Overcast,3,4,4,4,it looks very industrial so the buildings are very grey and blockish no colors but there are some trees so it feels still open with a lot to look at the weather is not very bright so doesn't complement the buildings
2281,15,Clear,7,6,6,6,the sun is hitting the building and looks peaceful and there are a lot of trees so it is colorful the building behind is colorful as well and there is an open area where people can walk by so it looks lively
2281,6,Clear,8,7,8,8,there is a lot of space and it looks wide and I can see mountains so it is a good mix of nature and industrial buildings and it is sunny so engaging and peaceful
2281,4,Clear,6,7,7,7,it looks green and there is a lot of space and a good passage and buildings are not too imposing and mix well with the surrounding nature
2281,13,Overcast,5,5,5,5,the view is just buildings that are blockish there are a bit of colors which are interesting but the building on the left is very grey and big and not enough space between buildings so a bit oppressing
2281,5,Overcast,7,7,7,7,it looks wide and clear there are some trees and I see sky with a lot of space where people can walk by sit and do stuff and the building  is shaped in a way that is not so boring and the colors are warm
2281,12,Overcast,2,3,2,2,it looks very dark so it is a bit sad and still the same blockish and grey buildings that look a bit dirty 
2291,6,Overcast,8,3,6,9,like the trees but don't like there are too much asphalt and building on the right is a bit ugly the artlab in front looks beautiful 
2291,13,Overcast,3,3,4,3,there is no sun and that makes the view more depressing and I don't like it much and the building on the left is very 1980s look and not well maintained and ugly but the one on the right is pretty and pleasant to watch
2291,11,Clear,6,5,3,7,with the sun it is very nice the building is still quite ugly but like seeing far away and would enjoy working here with the vegetation around
2291,10,Clear,8,8,7,9,the trees and greenness are very pleasant and I can see quite far and enjoy seeing the rolex building and like the bright sun it is very pleasant to look at
2291,15,Overcast,4,3,4,6,now the sun is not there which makes the view a bit sad but there are a lot of vegetation which is calming me and very important to me
2291,4,Clear,7,8,7,8,like this view a lot with the bright sun and this is a central spot on the campus where there will be people which creates life and the trees are there
2291,5,Overcast,6,5,4,5,the buildings in the background on the right side are ugly but like the greeneries on the left and the long building is very beautiful 
2291,2,Clear,7,7,6,7,like the trees and sunlight I see a lot of bikes and expect students cycling here which I would enjoy to look at while working which creates life and calm me 
2291,14,Clear,8,5,6,6,I never saw this view from above the point velo is not beautiful from above and here I only see trees with not much else to look at with not much going on
2291,12,Overcast,2,3,3,3,the bridge on the left looks very dirty and buildings are not beautiful either and it is overcast but I can see the restaurant and I expect students having good time at the satelite which will be nice to have but without that this is not enjoyable at all
2301,5,Clear,7,6,6,8,it is very green so I like it and looks quiet with no people scenery is very beautiful overall
2301,13,Clear,6,5,5,5,like the colors but feel like there are a lot of buildings like the greeneries
2301,2,Overcast,3,1,3,3,it is very grey so it overshadows everything else and there are a lot of buildings not enough natural scenery 
2301,10,Overcast,9,7,7,9,always liked rolex building the architecture is very interesting and like that it is green with mountains that are visible from here so like this place
2301,4,Clear,9,8,9,9,it is very sunny I love it and it is very white and looks warm and it is very quiet and calm
2301,6,Overcast,8,8,9,8,like the mountains and it is very green with colors everywhere it feels open and not closed but it is very empty 
2301,12,Clear,4,5,4,3,don't like it very much because it feels very closed there are trees and green but it is very grey with the buildings and the sky is blocked
2301,15,Clear,3,5,5,5,feel like compared to the previous view this feels more open but still just buildings with not much going on
2301,14,Overcast,1,2,1,0,this is the worst view so far it is very grey green is very dark there are cars everywhere and looks industrial so this feels depressing
2301,11,Overcast,3,2,2,2,too many buildings everywhere and I see roads  some trees but it feels very closed just grey red and green don't like it much
2311,11,Overcast,3,3,4,3,it feels like I am in a confined space it is not comforting like that there are greeneries which add colors to the scene and there are roads so I can get a sense of what people will be doing 
2311,6,Overcast,6,7,8,7,I can see a skylight with light coming in and I can see the courtyard with more activity that I can expect with nothing blocking the view
2311,13,Overcast,3,3,2,3,it is very dark and grey and less engaging and it feels like an industrial area I can see a glimpse of the mountains but not clearly
2311,12,Overcast,1,2,3,2,this is the worse view so far I feel trapped between buildings but there is a cafeteria on the left where life can happen but there is no sunlight and the view feels blocked and restricted
2311,15,Clear,4,3,2,3,it is more open and the view is not restricted and it is nice to see greeneries but there is no area where I can see people will be around but like having the sun but can't see too far into the skyline which is annoying
2311,14,Clear,5,6,3,6,the greeneries are very comforting and it is a bit annoying that there is a wide scope with the horizon I can see the cars which can be annoying with the noises with no people so feels a bit deserted
2311,4,Overcast,5,6,7,6,it is nice to be at the central space of epfl and to see outside and stay engaged and I can see quite far with greeneries the branch is a bit annoying because it is restricting the view and the architecture on the right is cool to look at
2311,2,Clear,5,4,5,5,good to not have obstructions in front but there is not much horizon to look far into the greeneries are good but maybe too up close and also feels like a lot of concrete
2311,5,Clear,6,7,7,7,like that the building in front is appealing to the eye and I like having the courtyard and view of the mountains in the distance also restricted by other buildings but feels very open
2311,10,Clear,5,6,6,6,a lot of engagement in terms of being able to see people and nice to see the rolex building and the building to the left is also nice to see a long horizon but mostly buildings and the mountains to the right not central to the view
2321,4,Overcast,8,5,6,6,like the greeneries but the road in front is not ideal as it interrupts the green and the architecture is quite interesting
2321,12,Clear,7,8,8,7,like how green it is especially on the bottom and the different colors are very interesting the red orange green and grey 
2321,6,Overcast,9,8,9,9,really like it especially with the mountains and the lake in the background and the trees and greeneries in front the architecture is interesting but the esplanade is a bit grey and dull
2321,5,Overcast,7,7,6,5,like the mountains behind but there is too much concrete on the right side and a big blob of trees is not inviting and feels closed off from the rest
2321,11,Overcast,4,4,2,0,the building in front is very present and obstructive and the space feels like it is narrowing down on me but the rest is fine
2321,14,Clear,5,4,4,5,it is a bit boring there is not much happening a lot of greeneries which is nice and refreshing and the point velo building on the bottom is interesting
2321,2,Clear,6,7,5,7,the sun is very nice and casts a nice glow to everything and greeneries as well but it is a bit dull
2321,15,Clear,7,5,7,6,it feels a bit it is closing on me but at the same time on the right it is very bright with the sun so I feel pushed to the right
2321,13,Overcast,4,2,4,2,the construction work on the right is not so pleasant and the left feels like a blob of grey but the lake and mountains behind are nice to see
2321,10,Clear,6,7,6,7,the architecture is quite interesting in the front but behind the two buildings are not interesting and feel grey but the mountains and hills on the back are nice
2331,5,Overcast,7,0,3,0,it is very routinely because I spend most of my time walking through here so it is very familiar so I have a bit mixed feelings about this place
2331,13,Clear,8,7,5,8,it feels cozy as it feels more enclosed with greeneries around which is pleasant to look at but the construction is not so pleasant
2331,10,Clear,6,8,7,4,it is a very crowded place usually so it is engaging and interesting but not a good place to work in as it will be distracting like the sun and it is bright but not for work
2331,11,Overcast,9,7,6,10,there are a lot of trees and feel more enclosed which I like for working and it feels cozy and private while still being able to look outside but the wall in front is a shame
2331,4,Clear,9,8,9,4,for work it is a bit distracting as it can be very crowded but it is nice to have trees and mountains in the far so it is engaging and nice to stare at 
2331,15,Overcast,10,10,10,10,this is very open and there are more trees so it is the perfect view for me and like the weather it is a bit cloudy and cozy
2331,2,Overcast,8,8,7,8,"this view is a bit more open and green, I expect a lot of activities but doesn't feel as cozy as before but overall very nice"
2331,14,Clear,9,9,10,9,this place is very green which I love and it is quite enclosed which I also appreciate it is a nice place with the point velo which can also get crowded and I would like to work here
2331,6,Clear,7,6,8,5,this view feels a bit more open than the previous one with the mountains in the background which is nice to look at but I can't dissociate this place with how routinely it is for me to go to classes and exams
2331,12,Overcast,8,9,8,6,"it is green, cozy, and I can see chairs and expect quite a lot of people during lunch which disturbs the peacefulness that I usually look for working"
2341,12,Overcast,7,3,4,7,it is a type of landscape that I am used to and see everyday at the university it is familiar not unpleasant but not the greatest view bust like the nature and buildings and quite calm
2341,5,Overcast,9,8,8,9,this place is quite crowded usually but also like that it is an open space and have more freedom to look around
2341,15,Overcast,2,2,2,3,feel like I am in an enclosed space although it is an open view but don't like how I feel stuck 
2341,2,Clear,3,3,3,4,get the same feeling as if I am in the verge of a cliff don't like that the buildings and trees are so close 
2341,6,Clear,9,9,9,10,really like the view of the mountains and also feel very familiar but really like it
2341,11,Clear,3,3,3,3,don't like that there is a wall which feels very close and it kind of breaks the open space impression
2341,4,Clear,7,6,5,5,even though it is an open area I find it a bit hidden with the tree hiding the mountain view and I feel like the sun is hidden by the trees as well
2341,13,Overcast,6,5,5,5,don't like that there are so many buildings especially on the left they are not pretty like the mountains in the back which seem far and faded compared to the buildings
2341,10,Overcast,6,6,6,6,don't like how there are so much concrete and buildings
2341,14,Clear,2,2,2,2,feel like it is very packed with trees and fee like there is no view
2351,6,Overcast,6,5,7,7,like the trees and greeneries in front don't like that it is empty with no people but it seems nice and open and wide
2351,11,Overcast,5,4,4,6,like the trees and seeing greeneries but don't like having the buildings right in front it feels a bit too close to the window
2351,4,Clear,7,5,7,8,like the trees especially the one that is close to the window on the left and it is open and relaxing calms me
2351,5,Clear,6,5,5,6,it is still very nice and open space but the space has too much concrete and it is nice to have greeneries but don't like building on the left
2351,10,Clear,5,6,6,5,the buildings are surrounding the view which I find distracting for working and it feels a bit trapped
2351,12,Overcast,6,6,6,7,like the trees but like the view is balanced between left and right don't like the weather and it feels a bit dark
2351,14,Clear,8,7,7,8,it feels very fresh and relaxing to look at all the trees and there is a road on the left and cars and it feels lively
2351,13,Overcast,6,7,7,6,overall nice with the mountains and lake but don't like that the buildings are very different between left and right one is very colorful and the other is very grey and gloomy
2351,15,Overcast,7,6,7,7,it is almost like I am in a jungle full of trees which feels very nice and the right side is very beautiful and the left is also nice because I can see people passing by during the day
2351,2,Clear,6,6,6,6,the buildings and trees feel disconnected and separate from one another which is disturbing but other than that it is very nice
2361,4,Clear,8,5,6,7,really like the view the vegetation is nice but needs to grow a bit more overall really like it is nicely mixed with buildings
2361,12,Clear,5,3,3,2,a lot of buildings less vegetation and it is more annoying to see and unpleasant to work in front of this view the buildings look old and there are some chairs 
2361,5,Overcast,7,7,6,7,the buildings are modern and interesting to see and can see some mountains which is peaceful and beautiful 
2361,15,Overcast,4,7,4,2,there are more buildings but also a lot of vegetation so the two seem to be in sync but a little confusing and the buildings make me feel a bit nervous as they remind me of working and studying 
2361,10,Clear,3,2,4,1,feeling like I am in a big city with a lot of buildings even with the mountains in the back I am feeling depressed 
2361,14,Overcast,1,2,2,0,the view is very dark no sun no colors everything is grey and white the vegetations are not attractive and buildings look old I am feeling very depressed
2361,2,Overcast,4,4,5,2,more colors and a bird flying by which make me feel happy and peaceful even if the colors are dark for vegetation it is a bit more enjoyable
2361,11,Overcast,3,4,4,2,there are buildings which make me feel like the view is obstructed and it gives me I am in a video game and a robot and I see some cars which give a good contrast to the buildings
2361,13,Clear,7,5,5,6,really feel happy with the colors of this view especially the colored building makes me happy and my eyes are drawn to that building 
2361,6,Clear,7,7,8,8,"a lot more space with the mountains in the back and I am happy with this view it makes me feel good and not at all nervous or stressed to be in front of this view the buildings are also very beautiful from old to modern buildings, a lot of vegetation, and mountains so all beautiful"
2371,5,Overcast,6,6,4,8,very open and have greeneries which are nice and it is a place with passages for a lot of people and it will be interesting to work here to see engagement and there are mountains and a cool artlab building which are nice but the weather is not so nice 
2371,6,Clear,7,4,5,8,"don't see the windows directly compared to before which is more pleasant and mountains and lake are more visible which are nicer and would be interested to see people, buildings, and greenery, and more open"
2371,11,Clear,5,3,4,4,it is not bad there are greeneries and it is open to the left side but the big grey wall in front is blocking the view with not much else to look at
2371,2,Overcast,4,4,3,5,there are still big grey wall in front a bit more open and greeneries but trees block the rest of the view the weather is not helping and the concrete is dominating
2371,4,Clear,7,7,6,6,still a lot of greeneries with not much blocking of the view and nice to have a road where people will be around but won't be nice during the lunch time a bit distracting but don't see mountains 
2371,10,Overcast,6,6,5,5,a lot of grey buildings with some construction which is not nice to look at and the roof of the rolex is looking dirty but still an open view with the nice engaging road but the weather is not nice
2371,12,Clear,7,6,6,7,it is funny because it is not so open or nice but the architecture and weather make the view look quite pleasant it is a deep view with a far distance  
2371,13,Overcast,7,6,5,7,the view is not particularly pleasant in general with all the buildings on the left being grey and under construction but the building is colorful on the right and brings a nice touch and still enjoy the mountains and lake on the back
2371,14,Clear,6,4,5,6,it is nice to have greeneries but it is a little too much because there is not much anything else other than the point velo which is not engaging 
2371,15,Overcast,6,5,5,6,very similar to the ones before a passage on the left where there will be people but not as busy as other scenes a bit open on the right but the building on the back is blocking a big part of the view
2381,15,Overcast,3,6,5,2,the grey-ness of the image makes me feel oppressed but like vegetation which makes me wonder if it is harvest 
2381,2,Overcast,3,3,3,2,feel like I would be sad if I had this view there is not much vegetation and it feels grey all around 
2381,13,Overcast,4,4,5,3,like the colors of the building and would like to see movement in this view which I expect more from this view
2381,4,Clear,8,6,7,8,love the colors and brightness of the view and the green vegetation there is more life in this view
2381,12,Clear,7,7,8,7,like the colors and brightness and like that there is a restaurant I can see which I expect to be lively and people moving which I enjoy a lot 
2381,11,Overcast,4,4,3,4,feel like this is empty with no life and buildings are simple and old there is nothing engaging 
2381,14,Overcast,4,2,3,3,feel like everything is so sad the building on the right is dirty and not well maintained and everything feels a bit abandoned and I feel lonely
2381,10,Clear,7,7,6,8,I feel like I am between tall nature and working space and everything reminds me I am in a peaceful area but the buildings remind me to work so it is a good environment overall
2381,6,Clear,8,7,9,9,"I really like the brightness, colors, and buildings are interesting and grab my attention so everything is nice and calm and I see the lake and mountains so it is really great"
2381,5,Clear,7,6,7,7,like the nature but compared to the last one this view is blocked by the vegetation and building so there are less things to see
2391,2,Overcast,6,5,5,8,peaceful with no one being around and like trees outside but the buildings are not beautiful and feel like factories so not interesting but good for work with the trees
2391,5,Clear,7,6,6,7,there are not that many things on the ground it is open but boring and there are things too close to the window which is not so comfortable and I expect people to be around which will distract me from work
2391,13,Overcast,6,6,5,7,the view feels a bit narrow and a construction site but like the greeneries and the colors of the building on the right and it makes me feel more creative and open 
2391,10,Overcast,6,5,6,6,this view feels quite open but the view feels a bit messy with all the buildings and trees which distract me a little bit and the colors feel monochromatic with grey dominating the view 
2391,11,Clear,4,5,5,4,there are more buildings that are very close to the window which make me feel stressful and also the view is not so pleasant feels industrial there are plants but the buildings ruin the view
2391,15,Clear,6,7,7,7,like that there are a lot of trees in front of the window and the corridors being close by would like to see activities and makes it less boring and it is not central which makes it more pleasant
2391,4,Clear,7,5,5,6,it is quite clear and open and also complex with trees and this will be an environment I can concentrate but it is a bit boring to look at for a long time
2391,12,Overcast,3,4,4,4,really don't like the factory-like atmosphere and on the left side I see a bridge which looks old and dirty and this will make me feel uncomfortable and sad because I can't avoid looking at it although there are trees they look dry and dark
2391,14,Overcast,3,2,3,3,there is no open space in this view and it feels very packed and there are too many cars outside which I don't like and I can almost see no place to look at
2391,6,Clear,7,7,4,6,really like this view with a lot of things to look at that are interesting but not so engaging because everything is a bit too far and the trees are small in this view but it is very open and I can see some mountains in the far
2401,12,Clear,5,2,1,3,the sun is shining which feels like a lazy afternoon and I feel like I want to sleep
2401,2,Overcast,1,0,0,7,it is very boring and quiet there is no distraction makes me feel peaceful
2401,4,Overcast,5,4,6,5,quiet pleasant and would be interesting to study but not sure if I can concentrate because there seems to be people walking by on the passages
2401,13,Overcast,0,6,6,0,The mountains in the far are quite peaceful but the buildings are agitating and they overall ruins the view
2401,6,Clear,8,6,7,8,the colors are very harmonious and the space feels spacious and peaceful 
2401,10,Overcast,5,4,5,7,it is grey but soothing and makes me feel peaceful
2401,14,Overcast,0,0,0,0,it makes me feel stressed and the buildings are not interesting look bulky and the weather is gloomy
2401,15,Clear,6,4,6,7,it feels like I am above everything and I am calm and like the weather and I feel energetic like seeing the sky
2401,11,Clear,2,2,1,1,the building is too bulky and I feel depressed
2401,5,Clear,6,3,4,5,it is spacious and empty but it somehow gives me the feeling of business where people will be around
2411,4,Overcast,7,6,7,9,would like this view if I wasn't already here since quite a long time because I associate this view with work but if this was the first time I would enjoy it because there are many elements to look at like nature and buildings
2411,11,Overcast,8,8,6,8,I could work here because there are no distractions and the background is nice with no human movements but there still are a lot of nature
2411,13,Clear,9,8,8,10,it is very colorful and like the contrast between the buildings and surrounding nature and I can also see a part of the lake which is nice
2411,14,Clear,5,8,4,3,it is monotonous with not much except the point velo which is an interesting space but wouldn't enjoy working here because it can be a source of distraction and not much to see as well
2411,15,Overcast,8,8,7,7,really like being on top of the trees because it is an unusual sight and also being able to see the corridor on the left is nice because I know that there are restaurants which will be nice to go to after work and motivating
2411,12,Overcast,6,8,5,5,like the view because there are a lot of things to see with buildings on the right and restaurant terrace so there will be a lot of movement during the day but I will get distracted maybe by the noise
2411,2,Clear,5,5,6,6,it is very urban and don't feel like there are interesting things because there are just buildings and a bridge
2411,10,Clear,8,8,7,9,I can see really far with a good vision angle and I can see the mountains and where people are generally happy and study which is nice 
2411,6,Overcast,7,8,7,7,like how I can see far away with a good depth of vision but it is a bit grey with the weather and the buildings are also opaque
2411,5,Clear,6,7,5,5,there are some nature and I like that I will be able to see people and not feel alone but don't really like the landscape
2421,14,Overcast,0,5,1,4,don't like the terrainness and nothing interesting
2421,2,Overcast,2,6,6,5,like the bird and the colors but still there are a lot of grey things not enjoyable and it look a little not well maintained
2421,11,Overcast,7,5,5,5,it is boring and not much to see but like the luminosity
2421,10,Overcast,5,5,4,4,it is very vast and there is nothing to focus on there are a lot of things to look at but distracting and the fact that it is so big and empty is disturbing
2421,6,Overcast,7,7,7,7,the different types of structures and colors and the duality of nature and manmade things is nice to look at
2421,5,Clear,7,7,7,5,it is too sunny for me to work 
2421,12,Clear,7,6,6,8,think the view is perfect for work because there are a lot to see and it is colorful and seems very professional
2421,4,Clear,5,4,4,3,it is too sunny and it is very white and pale view and looks boring
2421,13,Clear,8,6,8,8,it feels comfortable and colors are warm and lighting is nice and like the duality of nature and manmade things
2421,15,Clear,8,6,6,7,like the merge between construction and trees and it feels like I am working in a forest but at the same time it looks too sunny but like the greeneries