ParticipantID,Window(lux),SurveytDesk(lux),TestDesk(lux),SkyCondition,Nervous,Satisfied,Wideawake,Fullofenergy,Stressed,Peaceful,Highlymotivated,Worried,Enthusiastic
1012,182,320,301,"Partly cloudy, sunny sky",a little,quite a bit,moderately,quite a bit,very slightly or not at all,quite a bit,moderately,very slightly or not at all,quite a bit
1022,214,361,354,"Partly cloudy, sunny sky",very slightly or not at all,a little,a little,moderately,very slightly or not at all,a little,moderately,very slightly or not at all,quite a bit
1032,790,406,443,"Partly cloudy, sunny sky",very slightly or not at all,moderately,quite a bit,a little,very slightly or not at all,quite a bit,moderately,very slightly or not at all,a little
1052,855,378,590,"Partly cloudy, sunny sky",very slightly or not at all,quite a bit,quite a bit,moderately,a little,moderately,a little,very slightly or not at all,a little
1182,970,395,638,"Partly cloudy, sunny sky",very slightly or not at all,moderately,very slightly or not at all,very slightly or not at all,a little,quite a bit,moderately,a little,quite a bit
1252,377,343,569,"Partly cloudy, sunny sky",very slightly or not at all,quite a bit,extremely,extremely,very slightly or not at all,quite a bit,quite a bit,very slightly or not at all,extremely
1062,265,325,368,"Mostly cloudy, sunny sky",very slightly or not at all,moderately,quite a bit,moderately,a little,a little,moderately,very slightly or not at all,a little
1082,213,309,344,Overcast,very slightly or not at all,quite a bit,quite a bit,quite a bit,very slightly or not at all,moderately,quite a bit,very slightly or not at all,moderately
1092,246,319,323,Overcast,very slightly or not at all,moderately,moderately,quite a bit,a little,moderately,moderately,a little,moderately
1102,331,358,420,"Mostly cloudy, sunny sky",very slightly or not at all,moderately,quite a bit,moderately,a little,moderately,moderately,very slightly or not at all,quite a bit
1072,224,345,338,"Overcast, rainy",very slightly or not at all,quite a bit,quite a bit,quite a bit,very slightly or not at all,extremely,quite a bit,very slightly or not at all,quite a bit
1112,230,358,344,Overcast,very slightly or not at all,extremely,extremely,extremely,very slightly or not at all,extremely,extremely,very slightly or not at all,quite a bit
1142,189,351,338,"Overcast, rainy",moderately,a little,moderately,moderately,moderately,a little,a little,moderately,moderately
1212,137,331,326,Overcast,very slightly or not at all,quite a bit,quite a bit,moderately,a little,quite a bit,moderately,very slightly or not at all,quite a bit
1172,254,381,388,"Mostly cloudy, sunny sky",very slightly or not at all,quite a bit,extremely,extremely,moderately,a little,quite a bit,extremely,quite a bit
1322,294,396,395,"Mostly cloudy, sunny sky",moderately,very slightly or not at all,very slightly or not at all,very slightly or not at all,a little,moderately,very slightly or not at all,very slightly or not at all,a little
1192,214,359,368,"Mostly cloudy, sunny sky",very slightly or not at all,extremely,extremely,quite a bit,very slightly or not at all,extremely,extremely,very slightly or not at all,extremely
1202,210,317,378,Overcast,very slightly or not at all,a little,a little,moderately,a little,moderately,quite a bit,very slightly or not at all,extremely
1222,238,331,361,"Partly cloudy, sunny sky",very slightly or not at all,moderately,quite a bit,a little,very slightly or not at all,extremely,quite a bit,very slightly or not at all,moderately
1132,278,352,363,"Partly cloudy, sunny sky",very slightly or not at all,moderately,quite a bit,quite a bit,moderately,extremely,moderately,very slightly or not at all,moderately
1242,212,340,326,"Mostly cloudy, sunny sky",very slightly or not at all,quite a bit,extremely,quite a bit,a little,quite a bit,very slightly or not at all,very slightly or not at all,quite a bit
1152,177,334,320,Overcast,very slightly or not at all,quite a bit,quite a bit,quite a bit,very slightly or not at all,extremely,extremely,a little,quite a bit
1162,277,345,365,"Mostly cloudy, sunny sky",very slightly or not at all,a little,moderately,moderately,very slightly or not at all,quite a bit,quite a bit,a little,quite a bit
1282,284,377,373,"Mostly cloudy, sunny sky",very slightly or not at all,quite a bit,moderately,quite a bit,very slightly or not at all,extremely,quite a bit,very slightly or not at all,quite a bit
1292,293,400,390,"Mostly cloudy, sunny sky",very slightly or not at all,a little,quite a bit,moderately,quite a bit,a little,quite a bit,quite a bit,moderately
1302,204,343,347,"Mostly cloudy, sunny sky",very slightly or not at all,quite a bit,a little,moderately,very slightly or not at all,quite a bit,moderately,a little,quite a bit
1312,173,310,344,"Mostly cloudy, sunny sky",very slightly or not at all,quite a bit,quite a bit,quite a bit,very slightly or not at all,moderately,moderately,very slightly or not at all,moderately
1232,192,330,256,Overcast,very slightly or not at all,moderately,a little,a little,a little,quite a bit,moderately,a little,moderately
1402,200,338,327,Overcast,very slightly or not at all,quite a bit,moderately,quite a bit,very slightly or not at all,extremely,extremely,very slightly or not at all,quite a bit
1262,377,385,490,"Mostly cloudy, sunny sky",very slightly or not at all,moderately,a little,a little,very slightly or not at all,quite a bit,a little,very slightly or not at all,a little
1342,245,375,379,"Mostly cloudy, sunny sky",a little,quite a bit,extremely,quite a bit,a little,quite a bit,quite a bit,a little,a little
1352,212,358,255,"Overcast, rainy",moderately,a little,quite a bit,extremely,extremely,a little,moderately,moderately,moderately
1362,179,321,347,"Partly cloudy, sunny sky",a little,a little,quite a bit,moderately,moderately,moderately,a little,a little,moderately
1372,181,353,333,Partly cloudy sky,very slightly or not at all,quite a bit,quite a bit,quite a bit,a little,quite a bit,quite a bit,very slightly or not at all,moderately
1042,222,320,325,"Partly cloudy, sunny sky",very slightly or not at all,quite a bit,moderately,moderately,a little,moderately,quite a bit,very slightly or not at all,quite a bit
1392,278,304,344,Overcast,very slightly or not at all,extremely,extremely,quite a bit,very slightly or not at all,extremely,extremely,very slightly or not at all,extremely
1122,298,322,364,Overcast,moderately,very slightly or not at all,quite a bit,moderately,a little,moderately,moderately,quite a bit,a little
1382,280,320,354,"Clear, sunny sky",very slightly or not at all,moderately,a little,a little,very slightly or not at all,quite a bit,a little,very slightly or not at all,a little
1412,1016,557,786,"Clear, sunny sky",very slightly or not at all,a little,quite a bit,a little,a little,moderately,moderately,very slightly or not at all,moderately
1452,1332,481,915,"Clear, sunny sky",very slightly or not at all,quite a bit,quite a bit,quite a bit,very slightly or not at all,quite a bit,quite a bit,very slightly or not at all,moderately
1432,742,495,633,"Clear, sunny sky",very slightly or not at all,quite a bit,extremely,extremely,a little,quite a bit,extremely,a little,moderately
1422,358,356,457,"Clear, sunny sky",quite a bit,quite a bit,moderately,a little,moderately,very slightly or not at all,quite a bit,quite a bit,quite a bit
1442,227,319,348,"Clear, sunny sky",very slightly or not at all,extremely,extremely,extremely,very slightly or not at all,extremely,extremely,very slightly or not at all,extremely