Participant ID,Scene Number,Scene Type,Pleasant,Interesting,Engaging,Enjoy Working,Sentences Overall
2062,15,Overcast,6,6,5,6,it is pleasant that there are a lot of trees and plants and it is a bit dark on the left but the view is pleasant overall and the red spot makes it a bit popping
2062,4,Overcast,8,7,6,8,it is very pleasant nothing blocking the view to the sky and the architecture is interesting with a lot of plants it is very nice
2062,5,Overcast,7,7,6,8,there is nothing blocking the view to the sky is very pleasant it is very open and not overwhelming and there are a lot of trees as well and the building on the left is not so pleasant but can see the mountains and artlab with the open square makes it calming
2062,12,Clear,8,8,7,8,it is less open than the previous ones so it can be a bit more overwhelming with buildings on the left and right and the view is in shadows but it is sunny which is very pleasant and I like that there are trees and that the building in front is quite far not so close to the window
2062,14,Overcast,5,4,4,4,I like trees but they are too on my face and they look quite dark which is too much and it is not pretty from above and the building on the right is ugly and there are cars which are not interesting but it feels quiet and for working it is nice to not have distraction
2062,2,Clear,7,7,7,7,it is off-centered which makes it a bit weird but the view is quite open and not overwhelming and there are trees the building in front is not pretty but it is quiet
2062,10,Clear,8,8,7,9,the rolex is quite low makes the view really nice because there are no buildings too close to the window and it feels very open and the light is bright with the sun which is nice and I see the mountains and it is flat and very nice
2062,6,Clear,9,8,8,9,it is pleasant because it is quite open with no buildings right in front and like the design of the artlab and the mountains look very pretty with the lake and the view is quite centered and symmetrical and colors of the benches make the view fun and pleasant and I like the bright light and sun but it can get crowded which can be distracting
2062,11,Overcast,5,5,4,4,the building is really close to the window and it is interesting that the view is off-centered with much less on the left and a big building on the right and the weather looks gloomy which is not motivating to work
2062,13,Clear,6,8,7,7,the view is very interesting that there are so much colors on the right and grey on the left and it is dark on the left and bright on the right but like that it is quite open and can see the mountains and that buildings are not so high and it feels quiet
2272,6,Overcast,8,6,5,9,it is wide and I can see quite far away to the mountains and it feels very calm there are a lot of greeneries which is also pleasant
2272,10,Clear,8,4,4,8,it is too bright for me there are a lot of greeneries but the view is obstructed by the buildings on the right
2272,12,Overcast,6,3,4,6,like that it is enclosed with trees in the middle but the buildings on the left are not so pretty but it feels calming and safe
2272,14,Overcast,7,3,3,6,it is pretty because I can see trees mostly but at the same time it kind of blocks the view so I can't see quite far in the distance but I feel like I can focus more with less distractions
2272,13,Overcast,3,3,4,4,the building in front is a bit too bright which is a bit disturbing and it is nice that I can see quite far away but I feel like I would be too distracted by this building
2272,11,Clear,7,5,4,8,like that I can see trees and a clear sky but it is quite distracting with the building in front it will be better without the building
2272,15,Overcast,6,6,5,7,it is a good mix between being able to see far and enclosed at the same time which is calming 
2272,5,Clear,7,7,6,8,it is a bit too sunny for my taste but I can see a nice building in the front with mountains in the back but at the same time there are cafeteria and other buildings which can be distracting but like seeing the birds flying
2272,2,Clear,6,5,3,6,the building on the left takes away all the things that I can see but there are still some trees so it feels nice but the road makes me not so calm
2272,4,Clear,8,6,4,9,there is a construction site which is nice to look at and can see quite far away and it is clear sky with a lot of greeneries so it feels nice but it feels too constructued
2012,14,Overcast,6,4,5,6,it is calm and I feel like I can focus like that the trees are enclosing the view and there is a little window that allows to see quite far away to the left
2012,15,Overcast,6,6,6,5,feel the presence of people which makes the view busier with the hallway but it is still calm and there are too many things with bright colors and maybe it is too open
2012,11,Overcast,3,4,3,4,the road facing the window is blocking the view and I would like to see what is behind
2012,4,Clear,7,6,6,7,it is sunny which I noticed the first about the view and I feel happier and it is calm
2012,10,Overcast,5,5,7,5,feel like there are a lot of buildings I would not feel really concentrated here but like that it is an open view and that I can see far away
2012,12,Clear,7,6,7,5,feel like I wouldn't want to stay or work here because of the corridor and can feel the presence of people around because it is only the buildings and there is the cafeteria
2012,13,Clear,8,6,7,7,it feels calm and steady I like being able to see the mountains far away
2012,6,Clear,7,7,7,5,it is sunny and really appealing and there is a large open space but I feel the presence of people which doesn't make me feel calm but rather reactive so not good for work
2012,2,Overcast,4,4,2,5,I feel bored from the view it seems calm but not in a good way
2012,5,Clear,7,7,5,3,I am a bit annoyed by the building on the left which blocks the view and I want to see what is behind it and I feel the presence of people and I would expect a lot of people walking by which doesn't make me feel calm
2192,6,Overcast,7,7,6,9,it is open and bright and it is nice to look down and overlook the whole landscape which feels very nice
2192,12,Clear,6,5,5,7,it is nice with the open sky but at the same time feels enclosed and safe and it is nice with the reflected lights from the buildings and the vegetation looks pleasant but the grey buildings are sad
2192,10,Overcast,4,4,2,5,I like the open space and how buildings are quite far from the window the trees are fresh and nice but the buildings are sad
2192,5,Clear,5,5,3,6,it feels very calm and there is a lot of light and the view of the mountains with the sky is quite nice and overall feel very peaceful
2192,4,Clear,6,4,4,7,it is nice with all the light and space with the view of the sky the shadow of the trees on the left is nice and I like the trees in front which bring some life to the view
2192,11,Overcast,4,3,3,4,the view feels very obstructed by the buildings with not much view and the weather and colors of the buildings are very dark and sad so overall the view is not nice
2192,14,Overcast,4,3,3,4,it is quite boring with not much to see but the trees feel nice and it feels like I am in front of the forest but the cars are not nice but the bike workshop looks cool so I like it
2192,2,Clear,6,5,4,5,it is nice to have trees in front but the structure on the right is too close and too high and buildings in front are quite monotonous but the sky is good like the weather
2192,13,Clear,4,4,4,5,I feel the contrast between the colors on the right and grey on the left and the alley in front brings my eyes to the mountains which is nice and it feels quite open but at the same time closed
2192,15,Overcast,6,7,7,8,don't like the part on the left with the roof on top which is making the space very dark but like the branches and trees on the right that are quite close which is really nice and I feel like I am part of the nature and I can forget the grey sky
2022,12,Overcast,2,3,3,6,there are trees on the left and a cafeteria and buildings with windows on the right and a place where people can pass with birds
2022,11,Clear,2,2,2,2,the dominating thing is the building that is grey which is a bit depressing and the other parts have vegetation and plants but the building acts like a wall and it is too obstructive
2022,14,Clear,6,4,4,6,the vegetation is very present and there is the point velo building which is going to be giving a good overall vibe with people working on their bikes without giving too much work atmosphere and I can see a road with cars and bikes passing which is going to be nice
2022,2,Clear,3,4,3,2,there are a lot of shadows with the buildings and trees but there is sunlight but overall the view is depressing with the grey buildings
2022,15,Overcast,6,6,5,7,there is a lot of vegetation which is very liberating and the other part that is cool is that there are passages where people can come by which makes it lively
2022,13,Clear,4,3,3,3,on the left there is the grey building and a colorful building on the right so there are a lot of shadows in between and the vegetation is not very present despite the sunlight I wouldn't enjoy being here but there are mountains in the back but not so visible
2022,4,Clear,7,8,6,8,"it is a place where people will pass and have free time and there is the agora where people will normally take breaks and I enjoy the trees, grass, and it feels open and wide with a nice weather"
2022,6,Overcast,5,6,6,7,"it is a very open space with clear view of the sky, mountains, a bit of the lake, and I can see what is happening very far from the window and there is the esplanade where a lot of things will happen so it doesn't make me think of work so it is great"
2022,5,Overcast,4,3,3,5,there is a big vegetation thing with a building on the left and on the right there are larger spaces so it is okay but I would feel a bit trapped with the building and vegetation that are too close to the window
2022,10,Overcast,5,3,2,3,there are a lot of buildings everywhere and in the front there are trees and grass and it feels quite open but the buildings are too dominating with the grey weather as well
2032,2,Clear,5,4,3,3,not very attractive view it feels like I am close to a lot of buildings and the road so overall not so nice
2032,4,Overcast,6,6,6,7,it is quite pleasant because the view is very wide and there are a lot of interesting buildings with some nature and it doesn't feel oppressing
2032,5,Overcast,5,6,6,4,my impressions are a bit mixed the building is nice and interesting to look at and I can see the mountains in the back so it is nice to see quite far and it is not oppressing but the big empty place is sad and strange
2032,15,Clear,3,4,2,2,it feels dark and there are a lot of shadows but the trees seem to be invading the buildings and it looks chaotic and unorganized and the building looks abandoned
2032,6,Clear,8,7,7,5,it is a quite good view and I can see quite far away with the mountains and it is calming and the buildings are nice with the trees but it feels like not a place to work but rather to talk to people
2032,12,Overcast,2,2,2,2,"it feels very dark, there are trees in the middle of the road, and the buildings are all grey but overall quite depressing"
2032,14,Clear,4,3,3,5,"it is good to see some nature but trees are so dense, which is restricting the view and limiting view beyond and the building in front is interesting and like the sunilght"
2032,10,Overcast,3,4,3,4,it feels very grey and there are a lot of buildings so I don't really know where to look at despite a lot going on some buildings are interesting
2032,13,Clear,5,6,5,5,it is quite surprising because it seems like two different views to different places between the colorful side with the mountains and lake in the back but on the left there are long grey buildings with shadows so the view is divided
2032,11,Overcast,1,0,1,1,there is too much grey which I don't appreciate with box-looking buildings and walls and the view is facing the backside of the building which doesn't seem like there is life
2042,14,Clear,6,6,7,7,there is a lot of nature surrounding the view and it feels wide open which is nice but not much else to look at
2042,6,Overcast,7,8,8,7,"really like the open space and that there will be people going around which will give me a lot of things to look at and I enjoy the mountains, lake, and the surrounding trees"
2042,2,Clear,4,3,2,3,it feels very enclosed and there is not much to look at and can't see much around here but enjoy that there are some trees and light
2042,12,Overcast,7,7,6,8,really like the colors of the building and the fact that there is a depth to the view and the nature around and the view is very open and interesting
2042,11,Clear,5,4,5,4,really enjoy that there is a lot of nature around but there are a lot of buildings right in front so it feels like I am in a closed confined space
2042,10,Overcast,6,8,6,7,wish that buildings have different colors because they are all grey and make the view less interesting but I enjoy having trees nearby and that there is an open space in front
2042,13,Overcast,7,7,7,6,really enjoy the mountains and the lake also there are a lot of nature and the building on the right is very colorful and feels more engaging but the other part there is not much to look at
2042,5,Clear,6,5,6,7,really like the shapes of different buildings and the close view to nature which comes with the trees nearby and enjoy that there is a restaurant just in front where I would expect people coming but the lake and mountains are not so visible
2042,15,Clear,7,8,5,6,really enjoy the architecture of the left and right buildings and the mixture with nature is also very engaging
2042,4,Overcast,6,7,6,7,really like the architecture of the buildings in front and that there are trees just outside and this is a place where I would expect a lot of people which makes it more interesting
2052,13,Clear,6,5,6,8,this view is quite nice although the buildings on the left are ugly the colors on the right are nice and the building looks clean and my mind feels free looking at this with the mountains and the lake in the far
2052,14,Clear,5,3,4,8,it is quite nice I feel like I smell fresh air and there are a lot of green trees with sunlight but there isn't really anything to see nothing moves 
2052,15,Overcast,2,2,3,2,this view is quite dark and can't see really far which is not nice and people are probably going to walk just next to me which is not nice when I am working but thankfully there are some green spaces that I can look at
2052,12,Clear,3,2,4,2,it is a place that I know and where I often go but not to work so it is good memories but not nice to work because I wouldn't think about work at this time
2052,10,Clear,5,6,5,4,this is also a place I often go and it is nice because I never work here but if I had to work it will be quite distracting with many people walking around and it will be hard to focus
2052,2,Clear,3,2,4,5,this view is not very nice because there is nothing beautiful to watch no lake or mountains and there are not a lot of trees but to work it will be nice with no distractions
2052,4,Overcast,4,4,6,3,this is a great view but the weather is not nice and my vision is obstructed by this tree on the left which is quite sad because I can't see the rolex building and there must have a lot of people walking down here which will make it hard to focus
2052,5,Overcast,6,6,5,3,this view is nice because I can see the artlab which is a nice building and I can see the lake and mountains in the back and the esplanade is a nice place too where I have good memories but it will be hard to focus for work
2052,6,Overcast,7,7,5,3,this view is really nice because I have a great view of the lake and mountains behind even the artlab and the MED building but there must have a lot of people walking and distractions
2052,11,Overcast,2,2,2,5,this view is not nice because there is a building just in front of the window and the street is quite narrow and I can't see the sky but there are trees so not that bad
2072,2,Clear,6,6,5,6,like that there are a lot of trees and it seems like a quiet place but at the same time there is a main road with a lot of concrete so it makes the view less nice
2072,4,Clear,7,7,6,8,it is one of the main meeting points of epfl where students go for walk or to eat together and it has good energy because it is not a working place and there are food trucks usually which is nice
2072,13,Overcast,5,4,5,5,there are a lot of construction work going on and the building on the right is pretty colorful and the one on the left is so grey which is depressing with no sun like the weather here 
2072,11,Clear,6,7,6,6,like the garden and the building on the right which seems like a secret garden with birds flying by and the street seems quiet with a lot of trees so it is a good place for working
2072,6,Overcast,8,9,8,9,really like it because it is really the heart of epfl with a lot being organized here and there is the agora in front with view of the lake and epfl pavilion and it is lively
2072,15,Overcast,6,4,6,5,there is a lot of greeneries and there is the open space but at the same time don't really like the buildings that are so grey and not interesting but seems like a quiet space for work
2072,12,Clear,6,6,5,6,there is a lot of buildings and some trees but it looks like a place to eat and pass by but the view is not interesting or beautiful or good for work
2072,10,Clear,8,6,7,8,the buildings are much nicer here with the rolex and there are much more trees nice weather and it is an important place of epfl
2072,14,Overcast,4,3,3,4,it is not an open space it looks pretty closed so the view is not really interesting it is just the point velo and a building on the right with parking spaces so there is nothing interesting here
2072,5,Overcast,7,7,8,7,it is a central point of epfl and I really like the view because I can see really far and mountains with the lake although not so much and it is an interesting view with a lot going on all the time
2082,15,Clear,9,8,8,10,like a lot that I am in the shadows but there is sun hitting the building in front and the corridor and like the nature in front also which makes it feel peaceful and at home also like that it is a garden downstairs
2082,6,Clear,8,7,9,8,like this view but the problem is that during the day it will get busy but now it is more dessert like and like that I can see mountains and the lake in the far with the vegetation and the roof of the buildings the only problem is that now it feels really empty but it will be good for working
2082,14,Clear,6,3,5,2,the cars are really annoying with the old building on the right and it feels really ugly and don't like the big bike facility in front it doesn't feel pleasant and like that there is nature but it is too much with not much happening
2082,11,Overcast,4,6,7,6,in front of the view the grey building that takes the most space so it is a bit blend but on the left there is a lot going on with trees and streets which make the view nicer and there are trees and mountains in the background and like the little balcony of nature and bushes
2082,13,Clear,4,6,7,3,interesting that there are a lot going on don't really like that it is mostly grey buildings and the colorful building is really not fitting in to the environment and also the construction site makes it worse but nice to have a little alley with mountains and lake in the background but not enough to make up for the buildings
2082,5,Overcast,10,10,10,10,there is a lot going on without being too distracting which is why I find it interesting and engaging and like that I can see nature without seeing the deserted part of agora and like the wooden building which also gives a nature feel and can still see the mountains in the far background which gives a charm to it but during the day it won't be practical to work with a lot of people
2082,12,Overcast,7,7,7,6,"have a bit of mixed feelings because kind of like the big boxes of plants and trees in front and plants hanging out of the wall but don't like the bridge that looks really old and moldy, not maintained well and the building on the right is not interesting it is really grey with not much happening"
2082,10,Clear,0,3,4,0,during the day it is too bright for me and the buildings look white also the rolex and I don't like the sun this much the grass also looks dead and the only vegetation in the background is mostly hidden by the building so doesn't do much and it is not interesting overall
2082,2,Overcast,8,9,8,9,it is darker and I like this kind of weather it feels cozy and there is a good mix of industrial buildings and nature with plants everywhere so I like this view with the road and the bridge as well
2082,4,Overcast,5,1,1,2,there is not much going on there are some trees which are nice but for some reason it feels empty because the sky takes most of the space in this view and don't like that the trees are blocking the agora and the sky makes the view look more blend and boring
2092,5,Clear,8,7,6,8,like this view it is a place with a lot of life usually so quite a nice spot with the mountains in the back
2092,2,Clear,5,3,3,6,could work here and adapt but it doesn't have anything interesting
2092,12,Overcast,5,5,5,5,it is very campus like with the restaurants and everything I can work here but it is not the pleasing view although the building on the rear end is quite nice and flashy
2092,15,Clear,8,8,6,8,there is a lot of greeneries and trees which will be interesting to see while working for a long time
2092,6,Overcast,8,6,6,8,it is the center of the epfl campus it is very nice with the mountains and lake as well as all the greeneries it is quite a nice place to work
2092,14,Overcast,4,4,3,5,there is not much light and not fond of this place it isn't compelling despite all the greeneries mainly lack of sunlight bothers me
2092,13,Clear,8,6,6,9,a lot of colors which is always nice to see even in the winter and the mountains with the lake behind is very nice even the ugly buildings look nice with this lighting overall pretty good
2092,4,Clear,7,6,6,8,it is very nice not a lot going on but calm with all the daylight
2092,10,Overcast,3,3,3,5,could work here but not a lot of light everything is grey and rolex is ugly from above
2092,11,Overcast,3,3,3,5,could work here but not compelling and it is very grey
2102,10,Clear,6,5,5,7,there is an empty square in front with trees on the right and building with a hole in the middle and all the rest of the buildings are just grey but there is the sun which makes it more enjoyable
2102,12,Overcast,4,6,5,6,cannot really see far away because there are obstructions all around but there is a passage where people can walk on the left with tables and chairs and I can see down with road and greeneries around
2102,2,Clear,4,5,5,6,can't see far and on the left there are buildings and I can see a bit far on the right and overall it is very calm and there is a road where people can pass by
2102,5,Overcast,6,6,6,7,nice that there are mountains in the back with an open space right down the window and there are some bushes with buildings and I expect people to be there during the day which will make it lively
2102,4,Overcast,5,5,5,6,I don't really see anything in front but there are things that are quite far which are not so distinguishable there are some buildings but they are far away and there is a square in front with a road but nothing really interesting
2102,6,Overcast,8,7,7,8,like that I can see far with lake and mountains with the open space in front that is not so built and there are passages where people can walk by in many directions with tables where people can take breaks
2102,11,Clear,5,5,5,6,there is a building blocking my sight in front and there is a small terrace with plants on the left more to see but they are mostly buildings with some trees with not much else going on
2102,13,Clear,7,6,6,7,there is a colorful building immediately below in front and I can see the mountains and lake in the background but on the left grey buildings on the left without terraces or things to look at
2102,14,Clear,6,6,6,6,it is nice but it is mostly trees that I can see and at the same time I can't look too far and there is a small construction right below the window so there is something going on but other than that my sight can't go further
2102,15,Overcast,5,6,6,6,there is a path for people to walk on the left very close to the window which is nice and in front on the right there are trees and bushes but can't really see what is on the further right and there are buildings in front which block my view to the far
2112,14,Overcast,7,6,5,5,it is not that interesting maybe because of the weather it feels very grey and not interesting to look at the trees have the feeling of serenity but with the overwhelming grey it is not pleasant to look at
2112,10,Overcast,6,7,7,8,there is a lot more space between the window and buildings with a wider view of the sky and the building shapes are more diversified and it is more liberating but the weather is not inspiring or pleasant feels quite cloudy and gloomy but trees bring sense of liveliness and makes the view more pleasant
2112,13,Overcast,8,8,7,9,there is an open space in front but buildings are quite close on the left and right the colorful building makes the view more lively and interesting which gives a stark contrast to grey buildings that are metallic and repetitive cubic design but I can see the mountains with the lake and open sky and greeneries which are nice to look at
2112,15,Clear,9,8,8,9,it is much sunnier which gives me more motivation when I am working to fight with seasonal depression comes with winter despite the left building that is close to the window it is an open area not completely closed which will make the space livelier and open and there are greeneries on the right giving a sense of serenity with an open sky so overall very pleasant
2112,5,Overcast,8,9,9,8,the buildings that I can see in front and towards my right are more diversified in terms of shapes which makes the view more interesting with more varied things to look at and it is an open space where I expect people to walk around which makes the space seem livelier and where people would enjoy to be in and there is an open sky with greeneries but not a fan of the building on the left it almost looks a bit not well maintained 
2112,12,Clear,7,6,8,8,the buildings are not so oppressive and I don't feel enclosed and it is a sunny day and trees and greeneries look really nice with the bright sky at the same time I am obscured from direct sun which I like but the bricks in front look a bit run down and not well maintained also love the reflection of trees on the windows of the building and the foodlab on the left which is a communal area where people will be present makes the space livelier
2112,11,Overcast,5,5,5,4,don't like that there is a building blocking the path right in front of the view making it look closed-off but I can see farther ahead with greeneries overall nothing special about it and buildings are generic rectangular cubic shapes with greeneries on the roof which I like but don't find the view interesting or inspiring
2112,2,Clear,7,7,6,7,the buildings are put more toward the sides so I have more space directly in front which I like and I like that it is a sunny day and it looks really nice how sun hits the buildings which make the view more interesting portraying them in a different light and make them seem more colorful although they are all grey buildings and I like that there are some greeneries with sunlight making them seem livelier and the tall building on the right is obscuring my access to the sun which I don't like
2112,4,Clear,8,9,8,9,really like that it is an open space with a lot of distance between the nearest building structure and window and it feels like an amphitheater where I can see through it also it is a sunny day which makes the view livelier and it seems like a public space where I expect people to spend time together which feels nice there isn't much color but the presence of the sun definitely make it seem more pleasant to look at
2112,6,Clear,8,9,9,8,like that I can see the mountains to the far side which is comforting without the building obscuring view and it is a clear sunny day so the weather is pleasant and buildings to the right have diverse shapes interesting to look at and like how light is hitting and creating shadows on the buildings and it is a public space where I expect people making it lively area where people would want to spend time in
2122,5,Clear,6,4,7,7,the view is pretty nice it is an open field and deep and there are nature around which is nice as well as the mountains in the back
2122,14,Overcast,4,3,5,6,there is no depth which is a bid oppressing but there are a lot of nature which is good but the buildings on the right are ugly
2122,15,Overcast,6,5,7,7,there is a lot of nature and it is pretty colorful with the red structure but the left part is oppressing with the roof overhanging otherwise I feel like I am in the forest which is nice
2122,10,Clear,6,6,5,4,there is a lot of concrete and is grey the sun helps to make it nice and there is a bit of nature but mainly it is a road so not nice to see overall
2122,4,Clear,4,3,5,3,because of the building on the left and the trees on the left so it feels cornered so oppressing and there is mainly a road which is not nice either the only thing I like is the trees around
2122,2,Clear,6,3,4,5,it is pretty nice with a lot of trees and the building in front is pretty grey but the sun helps a bit but overall the roads ruin the view
2122,6,Clear,8,7,8,9,the view is really nice with many layers the front layer that is a meeting point with trees and a depth of grass and trees in the middle and mountains and the lake in the far and with the sun it is very nice
2122,12,Overcast,4,5,3,3,"I feel trapped and it is oppressing with walls left, right, and in the front overall everything is grey except some trees that are nice"
2122,13,Overcast,5,2,6,4,the left part is really ugly with all grey buildings the right side is okay and colorful and the road is ugly but the mountains in the back is nice which opens the field of view
2122,11,Overcast,3,2,2,1,I see the corner of the building and I feel trapped with no depth of field just concrete and the roads with a little grass really not nice
2132,5,Overcast,6,5,5,6,it is empty now which is nice to work but it will be crowded during the day and the weather is nice
2132,12,Clear,7,7,6,4,it is a nice view with a nice weather and trees but on the left side there is a cafeteria which will be distracting when I am trying to focus especially since it is on the same level on the right side it looks like normal classrooms so not much and the courtyard below looks a bit dead so not interesting
2132,10,Clear,7,8,5,6,it is very sunny with a lot of greeneries and some social spaces outdoor and the library architecture is nice so it pumps up the mood for working but during the lunch break with the food trucks it will be busy but will be fine because I am not supposed to be working during that time and seeing people during the day with a city view and mountains will be interesting
2132,2,Overcast,4,4,3,7,it is a grey weather not so nice but like that 50% of the view is greeneries but it is sort of a dead corner but it is interesting that there are two different levels of walkways which will be interesting with people walking but looks quiet with not much distractions so it will be good for work
2132,15,Clear,6,5,5,2,the weather is very good especially with the greeneries but the walkway on the left takes away the privacy and feels too close and below I see a courtyard nothing much happening except the different appearance of the trees throughout the year
2132,13,Overcast,6,5,3,7,it is a bit dead but there is a nice view to the mountains and lake and there is a bit of the movement from the cars that I expect other than that I feel like I can really focus 
2132,11,Clear,5,3,4,6,it is very bright and sunny and I like that there is a green roof close to the view with not much movement which is perfect for focusing on work but nothing interesting to see and I can see the tram moving
2132,6,Clear,7,8,7,4,it is a very nice view to the epfl plaza and I like the pavilion building and there is a great view to the mountains and the lake which takes almost 60% of the horizon and it will be a nice place to study during the semester break but not during the semester with a lot going on all the time
2132,4,Overcast,5,6,4,2,the view is very grey with the buildings and the weather and I don't like how trees are blocking about 40% of the view and during the semester there will be a long cue with the main road but I like that I can see some nice buildings of epfl but won't prefer to work
2132,14,Overcast,4,1,1,6,it is full of greeneries but the bicycle workshop building looks a bit weird and overall nothing much that interests me just feels like a service corridor but I think I can focus here
2152,11,Overcast,5,4,6,4,it is a bit boring there are only grey buildings but there is some color with the red on the top and trees around but the overall feeling of the big wall straight ahead is boring and sad and can't see that far
2152,13,Clear,7,8,7,7,like that I can see quite far with the mountains in the back and there is enough open space to look around and there is a very colorful building on the right which is nice to watch with a lot of trees and greeneries as well
2152,15,Overcast,5,6,6,3,the view is quite nice and architecturally quite nice to look at with the trees is nice but to work it feels I am too much in the middle of the hallway which may be noisy and can't really see an office to work here
2152,5,Overcast,6,5,6,4,feels like there is a plenty of view to see in the back but at the same time it is very close to the first trees and building on the left and a bit suffocating and once again there is a big open space which might be noisy and not so good to work in
2152,4,Clear,6,7,5,4,it is intriguing but the construction in the middle and the right attracts my attention and is a bit weird but overall it looks a bit strange but sunlight helps and makes it more engaging
2152,12,Overcast,4,4,4,4,it is very grey and there is no sun the only color I see is red which is not calming and overall it is very grey and black and the building feels a bit dirty not engaging and close to living spaces like cafeteria
2152,10,Clear,5,6,4,5,the building on the right is intriguing and interesting to look at but I mostly see the roof of buildings which are not interesting and the buildings look generic but like the sunlight and openness of the view and can see some mountains in the far right but can't see farther on the right which is a pity
2152,6,Clear,8,8,8,7,feels balanced there is a lot of buildings on the sides but with an open middle with a far view to the lake and mountains and the long building and its shape is interesting really enjoy being able to see far with sun which is very nice but a bit too close to where people will come by and I expect noises and animations
2152,2,Clear,6,6,7,6,feels calm and most of the view is just trees with a plenty of sunlight so it feels comfortable and the view is in the shade so it feels nice to be darker than the outside
2152,14,Overcast,4,3,4,4,it is a bit boring and looks like a back alley walking places and storage buildings which don't feel interesting but still the trees and greeneries are nice but there is not so much light either so bit dark
2162,2,Overcast,8,6,6,8,it is really calm and like the green bits and the contrast with the red facade and there is depth so the view feels wide open and the trees make it feel not that exposed which is nice
2162,15,Clear,7,5,6,7,it is very bright and green and the colors are very nice and joyful feels like spring and there are many layers and depth to the view which is nice and makes the view feel alive
2162,4,Clear,7,5,5,7,it is nice and bright with a lot of greeneries and a clear blue sky and I feel sheltered and safe with the buildings around and overall it feels warm and nice
2162,5,Overcast,7,6,5,8,there is a lot of colors and it is very open and it feels more exposed than other views and the view looks calm but less peaceful because the view feels closer to the ground
2162,12,Overcast,5,5,6,7,it feels cozy although it doesn't feel warm because I feel sheltered and there are nice greeneries around with the red color in the background which I like and the view makes me want to go out and I like it
2162,14,Overcast,7,7,6,8,it feels nice and sheltered with the green trees as well and I feel protected but maybe a bit closed in overall it feels nice somehow
2162,11,Overcast,4,4,5,6,it is really closed in and colorless it is mostly grey and overall makes me feel sad and the contrast with greeneries on the left and grey on the right is funny but in a weird sense
2162,6,Clear,6,7,7,7,it is very very open and I feel a bit exposed because the ground is so close compared to how open the view is but the colors are balanced
2162,10,Clear,6,7,6,7,nice and bright and there are a lot of different shapes which makes it nice to look around and it feels more closed and sheltered compared to the previous view and it is very bright and green feels nice and peaceful
2162,13,Clear,6,7,7,7,there is a lot of contrast between very bright and colored and very grey left and right but it is not disturbing and the view feels very open but not too open still sheltered by buildings and trees and the view is nice with a clear blue sky
2202,11,Overcast,5,5,4,5,it is quite dark with many closed objects and the view is not very interesting with a lot of buildings and the lighting is not nice
2202,14,Clear,4,3,5,4,there is a lot of greeneries but everything is really close to not much interesting things to see and light on the buildings are really bright and shiny
2202,5,Overcast,6,7,6,7,the view is quite free and I can see the mountains but on the other side the left building and bushes are really close and it is quite an open view and more interesting than last one
2202,4,Clear,7,8,8,7,it is really bright and open and I can see quite far and there are trees close by and building on the right is not too impacting but overall feels like a nice place to work
2202,10,Overcast,6,7,6,7,quite an open view and can see the city in the background with greeneries that are quite appealing and there is no big obstacle close by which I like and view is free in all directions but the rolex building is not interesting to see from above
2202,15,Clear,3,3,2,2,there is a lot of contrast between the left and right parts and there is almost nothing to see just trees and buildings that are very close and seems like a small very closed bubble
2202,12,Overcast,4,3,3,3,it is more open than the previous scene but with no far away view to see and it is not an interesting space enclosed by buildings with not much light a bit creepy
2202,2,Clear,3,2,2,2,the trees are really close and take most of the view and it is really dark just in front with the shades despite the sunlight which I can see behind and it is not an interesting space to spend the day
2202,13,Overcast,6,7,7,6,I can see the mountains which is really nice and the view to the sky is quite open and the buildings are far enough not too close to the window and the light is okay
2202,6,Clear,8,8,9,9,this is the most open view where I can really see the mountains and the lake and the big buildings are far away on the sides the right side is quite bright and must be a nice place to work but can be noisy with people during the day
2212,4,Overcast,4,6,4,4,it is really flat there is no verticality in the view maybe it will be more pleasant if there are people now it is boring as an empty space
2212,10,Overcast,3,4,3,3,it is ugly with a lot of concrete and grey color and it looks like it is about to rain not a good weather everything is monotone and feels the environment is depressed
2212,2,Overcast,5,4,5,6,the trees are big with a lot of leaves which takes a lot of place in this view which is pleasant hiding the buildings and the windows of the buildings reflect bit of sky but overall it is quite grey and depressing
2212,12,Clear,6,5,7,7,it is sunny and it is great to have the sun and the colors reflect nicely and feels warm and the same grey buildings look much nicer with the sunlight and the view feels lively with the chairs outside
2212,6,Clear,6,4,5,8,there are mountains in the back which is nice and the arlab and some grey buildings but the front view is nice as I see the campus center and I feel like it would be nice to take coffee breaks so like the view overall
2212,11,Overcast,3,0,2,2,there is no view it is just the wall that is very ugly and it feels like I am in a cell and forced to work here without the choice
2212,14,Clear,6,3,3,4,there are trees but really close to the view closing off the view to the further distance and the point velo building seems strange feels like it doesn't belong in the view the sunny weather is making it more pleasant
2212,15,Clear,6,5,4,4,the sunlight is good and reflects well on the buildings and there is a big contrast between left and right sides with nature uncovered side vs. built covered side
2212,13,Clear,5,7,5,4,really strange too much color on the right no color on the left and I feel like I will have a mental breakdown with this much contrast but there are mountains in the back which is great
2212,5,Overcast,6,6,4,5,not much to say it seems like a random place but good in some ways it is not beautiful but not disgusting it is just average
2222,5,Overcast,7,7,6,6,like that there is an open space in front and I can see far away including mountains and there is a good alternation between nature and buildings with some nice architectural buildings and also the view of the esplanade is nice it is empty but usually full of life
2222,11,Clear,6,5,5,5,definitely like that it is sunny but the fact that there is a grey building hiding the whole view is not the best although there is a landscape view on one side mix of greeneries and building is a plus tho
2222,15,Overcast,4,6,6,4,not so good weather which is definitely a minus in this view and working here will be full of distraction with people passing right on the left side hallway into the window view and the plants are nice but they are shortening the view which is not nice
2222,14,Clear,5,2,3,2,the first thing I saw was the point velo which from this view looks like a cabin not well-structured and the other building on the right side is not nice looking either and there are trash bins so overall not nice to look at
2222,13,Overcast,4,4,5,3,the first feeling is closure because of all the buildings in a narrow space and the weather doesn't help also the buildings on the left are all grey and old despite the colorful one on the right side there is an escape to the mountains in the far but it is quite far away
2222,4,Clear,8,7,7,8,the weather has an impact like the sunny sky and openness of the view despite the trees hiding a part of the view on the left and there are many different passages and greeneries all around which is nice but might be a little distracting with movement but it will add liveliness to the space
2222,10,Overcast,6,6,6,6,despite the bad weather and many grey buildings the fact that it is so diversified helps to make the view feel interesting and nice to see also there is an opening to the view of the mountains which is nice
2222,2,Clear,5,6,6,7,with two trees on the sides it feels like a scene that is encapsulated in a way and I would look at the people coming and going in the middle so the view is very interesting but there is no openness it feels quite closed and restricted despite the hill on the back
2222,6,Clear,9,8,8,8,the first impression is very pleasant and the view is open to the mountains and lake which is very nice and I can see everything in a very open way and the sun is out which makes it very colorful and there are many elements to look at and there is a lot of life in this area which might be distracting for working
2222,12,Overcast,6,5,6,4,it feels very closed there are buildings all around and the presence of trees help but don't like how people will come and go very close to the window so this can be annoying and I feel like I am watching them
2232,13,Clear,6,3,4,7,there is an open space with greeneries and there is enough light coming in which is pleasant
2232,14,Overcast,5,3,4,5,nice that there are greeneries but they block the view and I don't like this gloomy grey sky
2232,4,Overcast,5,4,4,5,there is a wide open space except the trees blocking the view but the view feels open not oppressing but the sky is not nice but having greeneries is nice with no highrise buildings
2232,15,Overcast,4,3,4,4,don't like that there is a building on the left blocking the view without it the view will be nicer and there are trusses leaning outwards that make me feel under them not looking so much outside but there are nice greeneries with a bit of the open space 
2232,12,Overcast,4,3,3,4,first there is an open space but still feel like I am inside a semi-urban environment with buildings blocking from the sides but there is a clear view to the sky and greeneries which make the view nicer
2232,11,Overcast,5,4,4,4,the view is blocked by the building in front and there are some greeneries and I can see that the sky is not clear which is not nice but still there is a corridor which allows me to see far ahead which is nice because I don't feel so trapped or oppressed by the buildings
2232,5,Clear,7,6,6,7,like that there is the sun out without highrise buildings in front which does not block the view so much except the bushes and building on the left but still there is a wide open space with the mountains and the sun
2232,2,Clear,5,4,4,5,the sun is out which is nice and there are trees bit too big because they are blocking the view but the sky is nice with a wide open space in front don't feel cornered
2232,6,Clear,7,5,7,7,there is a wide open view and can see the sun and sky with mountains and everything is nice with no obstacles in the view and there are greeneries which are nice as well
2232,10,Clear,8,7,7,8,it is a wide and deep view with the sun and greeneries the sky is clear and there are buildings in the way of the view but not too close to the window which makes me appreciate the view
2242,10,Clear,6,7,5,3,it is very open but there are a lot of paths which will be distracting for work and with all the buildings I kind of feel trapped
2242,11,Overcast,7,7,8,9,it is very calm despite the two roads in front like that there is a lot of vegetation and buildings in the back that are nice with the mountains in the far and it feels quite open but it is a bit too grey
2242,4,Overcast,4,4,3,3,it is open but there is nothing in the background and there are too many paths and too much is going on here for me to work and doesn't seem calm
2242,13,Overcast,8,7,8,6,it is open and deep can see the lake and mountains in the back and there are nice buildings on the left and right but the view feels too low compared to other buildings in the view
2242,5,Clear,9,9,9,9,it is open and very deep thanks to the long building in front and there are mountains and vegetation and the view is not in the middle but on the side which will shield the place from people passing by and noises
2242,14,Overcast,3,4,2,2,it is closed despite the fact that there are a lot of greeneries it doesn't feel nice and there is a road and parked cars which makes me feel like there is a lot of traffic and noises
2242,12,Clear,7,8,6,6,although it is not open don't feel trapped but with the path on the left don't think it is a good environment to work in but if the view was one floor up it will be perfect
2242,6,Overcast,10,9,9,7,it is open and deep and can see the lake and mountains not too much vegetation but the view is very pleasant but the problem is it is in the middle and too central for working
2242,2,Clear,4,2,2,2,too many bikes parked in this view too much traffic must be noisy and it is only open in one dimension on the right and it is suffocating
2242,15,Clear,6,7,6,7,even though it is not so deep don't feel trapped but the problem is the path on the left if it had offices or buildings instead it would have been two times better
2252,2,Overcast,7,7,6,9,it is bright and I saw so birds flying and like the trees so overall it is a very pleasant view
2252,13,Clear,7,6,6,6,don't like being surrounded by the buildings but still see in the middle a line of nature with mountains so kind of like it
2252,4,Overcast,8,7,6,7,there are trees and on the left there is the rolex building where people are working but the trees are blocking that which is nice and I like that
2252,10,Clear,7,8,7,7,see a lot of different things with a variety of shapes and elements and don't feel like I can be in my bubble if I am working here but it is open and liberating
2252,14,Clear,6,5,6,9,here I feel like I can be in my bubble and I still like the trees and there won't be a lot of movement or distractions here so I can stay focused on my work
2252,11,Clear,7,7,8,8,feel like I am isolated and would have liked the place much better if there weren't this building right in front of my view because the left and right sides are nicer but still like this place for a work environment
2252,6,Overcast,8,8,7,6,"there is going to be a lot of movement here and I feel like I won't stay very focused because I would look out a lot but apart from this it is a nice view with the mountains and trees, as well as the lake"
2252,5,Overcast,6,7,8,8,feel like I can be in my bubble but still things happening on my right and I like the view and I would enjoy being here
2252,15,Overcast,8,7,8,7,really like the red part of this view in the middle because it adds a nice good color combination and I see things but still will be able to focus but on my left there is a corridor where people will be walking which I don't like
2252,12,Clear,6,6,6,5,there will be people walking and eating on the left which I don't like and I feel trapped between the buildings and it is a weird place which I don't enjoy for work
2262,15,Overcast,4,2,3,3,like the greens but other than that it is quite basic would be better if there are some animation from people walking
2262,5,Overcast,7,3,7,5,like the buildings in front of me and there is a lot of diversity in this view
2262,12,Overcast,3,3,1,3,don't really like the design of the buildings and the fact that there is a cafeteria will be not nice for working
2262,10,Clear,6,6,7,5,it is bright but there can be a lot of people walking in front of this view for working so can be distracting
2262,2,Clear,5,3,5,7,like the view because of the two big trees that are on the left and right corners which are hiding seeing people walking in the front which will help me focus more
2262,4,Clear,6,5,5,4,like the view but there will be too many people walking in front so not ideal for working
2262,14,Clear,5,3,3,4,I find the view not pretty because of the point velo building which is not nicely designed and the trash bins next to the building and the parking lot are not nice
2262,13,Overcast,4,3,3,5,don't really like the buildings on the left and the fact that there is a construction site on the right but can be a peaceful place to work so might be okay
2262,11,Overcast,5,4,5,7,like that there is a lot of greens everywhere and the roads are not very crowded by people or cars so could be nice to work here
2262,6,Clear,6,5,7,5,like the view of the mountains and the artlab buildings but being in front of the esplanade will be too crowded with people to work and focus
2302,13,Overcast,3,4,4,5,"don't like this view because of the colors there are a lot of grey buildings, the road, and the weather is also without the sun but it is empty which is nice and like the view of the mountains"
2302,2,Clear,7,8,8,8,it is sunny and is very green and like that is is quiet and empty so it will help me focus and study more and there are also some red colors which is nice
2302,10,Clear,9,9,8,9,it is very sunny and very green and there are mountains and the buildings look white so it is peaceful and it is very calming
2302,5,Overcast,4,6,6,5,looks pleasant but there are a lot of buildings which I don't like because they hide the mountain view and there are some trees but they don't look nice because everything feels grey with the weather and it outshines the greeness 
2302,14,Clear,3,4,5,5,like that it is sunny and green but it feels closed and I don't see anything else other than the bushes that hide everything and take a lot of space of the view and it is calming but not interesting to study
2302,12,Overcast,1,2,1,1,it is very depressing and looks dead even the plants look dead it is very grey and the weather is not nice and there are a lot of clouds and old buildings that hide everything
2302,4,Overcast,8,7,8,7,really really like this view but the only thing I don't like is the tree right in front that is hiding a lot of the view
2302,15,Overcast,5,5,4,4,it is more lively than the one before because there are a lot of trees and greeneries and it is more open and looks less old but still not open enough and there are a lot of buildings
2302,6,Clear,8,8,8,8,like that it is sunny and also very open and there is the mountain view with not many buildings in front that allow a clear view to the far but looks like a busy place and a lot of people can pass by which I don't like and associate with noises
2302,11,Clear,6,6,4,4,don't like it much but it is interesting because it is sunny and there were butterflies but building in front hides everything and it is very building dominant with not much else to see so wouldn't like to study here
2282,13,Clear,6,7,7,7,the building in front is very colorful and vibrant which is nice and there is a lot of green spaces and trees and feels very open and nice
2282,15,Overcast,5,5,5,5,the buildings look very dull because they are all grey and with not much colors and looks very dark and there are a lot of trees which makes the view a bit more vibrant and buildings look not so modern or well maintained
2282,12,Clear,6,6,6,6,"the same old, grey, and ugly buildings as before but the sun hitting the trees and buildings makes them look nicer and more vibrant "
2282,14,Overcast,5,3,4,3,the view looks a bit dull and with not much colors and it does not feel vibrant there are a lot of trees but buildings don't blend in with them and so overall looks sad and ugly and there is not a lot of light
2282,2,Clear,6,6,6,6,the sun makes the view look very bright and there is a road in front which means this will be a lively place and it is quite open despite many buildings and trees
2282,5,Clear,7,8,8,8,it is very spacious and bright and the open area with trees feels very bright and lively and there are chairs and I expect people to walk by and sit to enjoy the view and buildings are more interesting than before with interesting shapes and different colors
2282,6,Overcast,8,8,8,8,really like that I can see the edges of the mountains and the lake form this view and there are interesting buildings and it is a very open area and quite lively and there are also good amount of green areas where I would be able to rest
2282,11,Clear,6,5,5,5,the main building on the right is not very pleasant to look at and it looks a bit dirty and ugly and there are not a lot of windows and looks like a big block not so colorful either but there are still a lot of vegetation with the sun which looks nice
2282,10,Overcast,6,7,6,6,in the foreground it is very open and there is a road so people would pass by which will make the view lively and the two buildings are different from the ones behind which look more interesting and there is a lot of greeneries as well so it looks nice but the buildings in the back are ugly
2282,4,Overcast,7,7,7,7,it is still a very open area and there is a lot of passages where people can walk and like the big structure of agora in the far which looks interesting and the buildings blend well with the trees because they are pretty clear grey so it looks nice
2392,2,Clear,6,4,4,6,there are a lot of green plants which make the view relaxing but in this view there are so many bikes and a small bridge with a lot of buildings so it feels too crowded and uncomfortable
2392,4,Overcast,7,8,8,8,I like this empty place with not too much things and there are trees close to the window which is nice and relaxing and refreshing and there are white architecture which is comfortable and nice design so overall very comfortable to look outside and there are some paths so if there are some people it will be more engaging
2392,10,Clear,7,7,7,7,this view is really nice because everything is quite far from window with a wide open space and there are a lot of trees and passageways but the buildings look a bit boring 
2392,12,Clear,4,6,5,4,this view has colors that I don't like and there is a bridge which looks a bit dirty and there are a lot of walls that look a bit factory-like with grey dominant colors and this doesn't feel so comfortable for working I would like watching people walking around and it will be an engaging view but I won't find this surrounding comfortable to work
2392,15,Overcast,5,5,6,6,it is okay because buildings are quite far and not surrounding the view and there are trees and the view is quite open so it feels better than the previous views but the it feels dark and surroundings feel dirty which makes me slightly uncomfortable
2392,6,Overcast,7,8,8,8,it is a really open view and things are quite far away from the window so I feel comfortable and there are different styles of architecture in the far with interesting geometries and trees so everything feels interesting and pleasant especially with the mountains and lake in the far which is peaceful
2392,11,Overcast,3,3,2,3,really don't like this factory wall which is directly in front of the window which blocks the view to the far and I feel surrounded by these walls which makes me feel uncomfortable and there is not much in general to look at and it feels isolated with not much people around
2392,13,Clear,7,7,6,6,really like having many colorful elements in the view with the sunlight and also like having passageways that makes the view peaceful but there are factory style walls which makes the view less engaging 
2392,14,Clear,4,3,3,4,I feel a bit uncomfortable surrounded by just trees which block the view to the far distance and there is a small building which completely fills the view with not much open space and there are no passageways and it feels a bit boring
2392,5,Overcast,6,7,7,6,"the view is very open which I like and the different colorful elements to look at like the trees, buildings, and the tables but don't like that I can't see the mountains and lake clearly especially with the grey weather but it is okay with the trees which are refreshing and I expect a lot of people to be around which will be interesting"
2322,12,Overcast,6,7,6,4,"the greeneries on the bottom are very nice but it feels a bit closed and oppressing because of all the buildings left, right, and in the front with not much space to look far ahead"
2322,2,Overcast,4,6,4,3,it is not very interesting although there is a lot of trees there is not much to look at and focus on and buildings are not beautiful
2322,11,Clear,3,4,3,2,building on the right is very omnipresent and takes a lot of space despite the greeneries having nice colors
2322,4,Clear,7,9,6,7,it feels pretty nice because there is a lot of open space and trees but there is not much to look at there is not much life happening
2322,13,Clear,5,6,5,5,the construction work on the right is bothering but the mountains and lake in the back are very nice but there are a lot of buildings on the left with concrete which is not very nice
2322,14,Overcast,4,3,3,2,there is not much happening the trees are nice but it is not that interesting
2322,15,Overcast,6,4,5,5,feel pushed to the right from the building on the left that makes me want to scoop over to the right side to see more greeneries
2322,5,Clear,7,8,6,8,"there is a lot of different buildings some close and others far away which makes the view more interesting and there is a lot to look at with greeneries, mountains in the back, and trees all around"
2322,10,Overcast,6,7,7,7,there is a lot of depth with buildings far away and close and the open space in the middle makes the view more breathable but would rather see bit of the lake or mountains
2322,6,Clear,9,9,10,9,the open space is very nice and feels good and seeing a lot of the mountains makes me happy and there is a lot of different buildings and the esplanade in the middle but there is a lot of concrete would prefer seeing trees instead
2312,4,Clear,5,5,6,6,it is good that there is a lot of sunlight and it is engaging as it is a very busy part of the campus but I can't see the lake or mountains so not much nature here
2312,12,Clear,3,4,4,3,there is the sun but the view is very concrete dominated so it is less engaging
2312,5,Overcast,5,5,5,5,there is a lot of space so I don't feel boxed in but there is no sunlight and I would expect some engagement with people around and the buildings in front are also not bad to look at
2312,15,Overcast,2,2,2,2,there is no sunlight there is not a lot of engagement and it feels like it might be noisy with people coming and going on the left
2312,10,Overcast,5,5,6,5,there is not a lot of sunlight and I see a courtyard which is engaging as I expect people but the view is facing the wrong direction which is a bit sad
2312,6,Clear,7,8,8,8,the courtyard is very engaging and seeing the mountains and lake is very nice overall very pleasant
2312,14,Overcast,1,1,1,1,it is grey and dark not much to see and it feels narrow with not much scope to look around
2312,11,Clear,3,3,4,3,the view is very limited but I can see sunlight from the sides and maybe people coming and going which is the only good side other than that it is depressing
2312,2,Overcast,3,2,3,3,it is good that there is some nature and the view is not so restricted but it is not too interesting there is nothing particularly interesting and the weather looks bad
2312,13,Clear,4,5,3,4,feel isolated here not really anywhere busy so good for studying but feels lonely and in distance I can see a bit of the mountains which is nice but not so clearly and the sun is nice
2172,12,Clear,6,5,5,6,the view of the trees is nice but the bridge part takes the pleasantness down but overall it is fine
2172,5,Clear,7,7,8,8,the view is quite interesting especially because a lot of people will cross this area which will make the view dynamic and the architecture are quite cool as well as the mountains in the far overall can see a lot which makes the view interesting
2172,2,Overcast,4,5,4,4,the weather is grim which makes the view more depressing and the old structures around don't help makes the view less engaging with not much to see except the trees
2172,13,Overcast,8,7,7,8,this view is really cool especially with the contrast between colorful building on the right and grey buildings on the left and I can see the mountains in the far so it is calming and great to see
2172,11,Clear,6,5,5,6,it seems like a spot with not much traffic which will make the view calm and great for studying and it feels quite hidden which makes me feel like a view that is quite special overall pretty nice and quiet
2172,15,Overcast,7,7,6,7,this view is really pleasant with the greeneries that contrast with the red color in the back and it is also the part of campus that is calm and not so crowded and overall a great place to work
2172,14,Overcast,6,5,4,5,trees are always a plus but here I don't see anything else except the old building on the right which is not so interesting I like that it is calm with no distractions but it is quite boring
2172,10,Overcast,7,7,7,8,it is a great view of the campus can see a lot and quite far with the nice architecture of the rolex building as well as the mechanical engineering building and the view feels lively with a lot of people passing during the day and the contrast with greeneries is nice and pleasant 
2172,6,Clear,9,8,8,9,"this view is really really great feels like the best view to have on campus with interesting architecture, wide open space, greeneries, and the view of the mountains and lake with everything I would want to see while working"
2172,4,Clear,6,7,6,6,view is pretty nice but in reality it will have a lot of people and food trucks which will hinder my view and distract me while working but will be quite dynamic and alive but overall would be too distracting
2182,5,Overcast,7,8,7,8,like that I can see greeneries with the trees in front of the window and the buildings look modern and like the architecture which is pleasant but the building on the left is too grey and is too present but overall it is a nice view and like having the cafeteria which adds colors to the view
2182,14,Clear,5,5,4,4,like that there are a lot of trees which is very pleasant but the construction in front is ugly and also the building on the right is not pleasant in terms of its colors and architecture
2182,13,Overcast,7,7,8,7,love that I can see the mountains in front and there are a lot of greeneries and trees and buildings on the right are very colorful which is joyful and in contrast the buildings on the left are grey and a bit depressing
2182,12,Overcast,5,6,6,6,like that there are trees on the sides and nature which calm me down but the buildings are not pleasant also the bridge looks dirty and not well maintained like the building that has some colors and like that there is the cafeteria which makes it more interesting
2182,15,Clear,6,7,6,7,like that I can see trees and nature and it is sunny which makes the view more joyful and pleasant don't like the grey buildings but the red color and sunlight in the view makes it prettier
2182,4,Clear,8,9,8,8,this view is a mix of two things that I like the most with trees and modern architecture so it is very pleasant to me and maybe the road is not so pleasant but it is sunny which I like
2182,2,Overcast,5,5,5,5,the building on the left is not appealing with the grey color and it looks old and seems abandoned and also the stairs over the bikes but the trees make the view better and I don't like the red pillar on the right
2182,11,Clear,5,5,5,4,there is the grey building in front with only one window and it is covered so it is not engaging at all and the big trees save the scene but I don't find this view interesting and there is vegetation on the right but not so nice
2182,6,Overcast,9,9,10,9,"can see trees, mountains, and the lake which is very nice and the modern buildings in front are nice and appealing the building on the far left is not appealing but it is not so present in the view so overall I like this view a lot and it is the esplanade so it is engaging with people I would expect passing by"
2182,10,Clear,8,9,9,8,can see a good combination of appealing architecture and greeneries and I can see trees in the background as well as the mountains on the far right which is very nice but the buildings on the background kind of ruins the overall view because it covers the mountains and the view will be quite engaging with people passing by
2352,14,Overcast,6,6,7,6,it is nice with nature but the buildings are ugly and the weather is grey which is depressing
2352,6,Clear,8,7,7,7,the weather is nice and it makes the view feel happier and the space is very wide and open which is nice as well
2352,12,Clear,7,7,7,7,the weather and green trees are very nice and makes me feel good and the view is symmetrical which is nice to look at
2352,2,Overcast,7,6,6,7,the view with trees is very nice and I see some birds flying which is very nice and there is not much to distract me from work so I see myself being able to focus here
2352,15,Clear,8,6,6,7,the right side is very nice with trees and all but I feel very close to the building on the left which makes me feel uncomfortable
2352,10,Overcast,6,5,5,5,the space is very open and seeing the trees is nice but don't like grey buildings in the far background with the grey weather
2352,11,Clear,6,5,6,6,I am directly looking into the building which feels very close and tight which I don't like but the left side of the view is cool with trees and sunlight
2352,13,Clear,7,8,8,8,I see an open road in front which is nice and the building on the right is very colorful and pretty and the view of the mountains is very nice and generally the sun makes everything nicer
2352,5,Overcast,6,7,7,6,"like the view with trees and buildings that seem connected and nice and there is so much to look at which can be distracting for working but other than that I see mountains, nice buildings, and sun which is nice"
2352,4,Overcast,7,6,6,7,the tree on the left is very close and looks nice and the space seems pleasant overall with not much distractions and there aren't too many buildings which is nice
2332,6,Overcast,6,5,3,1,this place I perceive with repetitive routine because I see this place everyday and the weather is not nice but like the open view but it is too open with a lot of people so wouldn't come for work
2332,5,Clear,7,6,3,3,this view is a bit more enclosed than the previous one which is better for a working place with less distractions and people watching me but still this place is a bit agitated so wouldn't see myself working here often
2332,4,Overcast,8,6,8,5,feel like how it is now is very peaceful and appealing but during lunchtime it will be really crowded especially during lunch breaks but if it is empty it will be good to work in and like the weather it is cloudy and makes it feel cozy
2332,11,Clear,8,7,7,8,this view is a bit enclosed which I like very much and there are plants and trees everywhere which makes it more pleasing to see although there is a wall in front which blocks the view to the far it still is a nice view and place to work
2332,12,Clear,8,9,9,6,the view is a bit enclosed and nice but there is a cafeteria on the left which will be very crowded with people so wouldn't be the best place to work so it will be distracting to work but if it is empty it will be a very nice place to work because it feels open and cozy at the same time
2332,10,Overcast,5,5,4,2,don't really like working at a place where it can get crowded and it is just buildings everywhere which is not so pleasant and the roof of the rolex is not appealing
2332,14,Overcast,9,9,8,9,for a working space it will be very nice because there are trees in front and it is enclosed and it is not as full or crowded throughout the day and the point velo is okay to have because it will be only crowded for short times of the day
2332,13,Overcast,8,9,9,10,"this seems very quiet, cozy, and closed with not many people around, which will help me focus and I can see very far away, which is very engaging and I can stare in to the distance which is very nice but the construction is not appealing but since it is temporary it won't affect my perception of this view"
2332,2,Clear,8,8,7,7,this view is usually where people enter the campus from with a lot of noises and disturbance for a place to work but when it is empty it is quite nice to work
2332,15,Clear,10,8,8,10,it is very green all around which makes the view very pleasant and I see offices around which is reassuring which is reassuring that the view is quiet and nice to work and the space feels cozy and enclosed but also at the same time it is not so engaging
2372,2,Clear,6,4,3,6,it is a nice working environment with the sunny sky and greeneries but there is not very large field of view because of the buildings and the trees so would say it is an average view
2372,5,Clear,8,6,7,8,it is a nice view with mountains in the far and it is very open and buildings are nice on the opposite sides and there are greeneries and it is interesting with people passing by during the day
2372,4,Overcast,6,6,5,7,a bit of the shame to have the tree in front which blocks the view to the rolex and the weather is not nice because can't see the mountains clearly but overall nice space with good nature and nice buildings
2372,11,Overcast,4,4,3,4,there is a big grey wall that blocks the view which is not pleasing but not the worst because there are greeneries and mountains visible on the other side but not much will be happening and the view is not very open so not too interesting
2372,13,Clear,7,6,6,7,nice to have some colors despite the big grey blocks on the side but they don't occupy as much space and the weather is nice which makes the mountains visible with the lake and overall nice view with the open field of view
2372,15,Clear,6,5,5,6,less open than other views can't see far and can't see beyond the buildings in front there are some greeneries which is nice but overall not so interesting 
2372,14,Overcast,6,5,4,5,it is not open but it is trees that are blocking the view which is better than buildings and overall it is just point velo to look at and the weather is not helping it will be much better with some sunlight
2372,10,Clear,8,7,7,8,it is much more open with nice buildings in front like the rolex so overall it is very interesting with a lot of things to look at and would be nice to see people during the day but don't like the construction in the background
2372,6,Overcast,8,7,7,9,it is very open and there are nice buildings to look at in front and I can see the mountains and lake in the far which is nice it will be stunning with a clear sky so the weather is the only thing I don't like about this view but overall a very nice work environment
2372,12,Overcast,6,6,5,6,"it is not very open with buildings on the left, right, and front but there is an alley with the ground and trees which is nice but it is a pity to have the algae on the concrete which makes the building look dirty but will be interesting to watch people having lunch on the left"
2292,4,Overcast,6,7,7,8,like the vegetation and trees and also the fact that the background is full of nature and there is a sense of relief and peacefulness
2292,12,Clear,8,6,5,6,don't like the building on the right which is ugly but the sun and brightness is very nice and like the vegetation and the colors with the sun which is very pleasant as well as the birds
2292,2,Overcast,4,6,5,5,the sun is not present and don't like the design of these buildings and it is quite depressing with no bright sky it will be nicer with the sunny sky
2292,10,Overcast,7,8,6,8,like that there are many things to watch with buildings and like being on a high ground and enjoy overlooking the place and the rolex building is really nice to look at and there are vegetation so overall pleasant to work here
2292,13,Clear,7,8,8,7,love the colors of the building on the right and the fact that the windows of the building on the left reflect the colors on the right makes the view very appreciable and there are vegetations around and it is a calm side of the campus so would enjoy to work here and it is sunny which makes the view very pleasant
2292,14,Overcast,6,6,4,6,even though the view is pretty basic with trees and the point velo building I think I can concentrate and focus on my work here with no distractions especially with the trees around
2292,15,Clear,8,9,8,8,love the colors in this view and feel like I am in the middle of some vegetation with leaves close to the window so enjoy looking far and having vegetation close by so would love to work here on a sunny day
2292,6,Clear,8,7,5,8,don't find it very engaging because of the asphalt but the rest is pretty cool with beautiful buildings all around and the cafeteria would be refreshing to see students eating which will be funny to see during my work and love seeing the mountains in the far 
2292,5,Clear,8,8,6,8,even though the building on the left is awful and not so nice to look at the vegetation on the foreground and mountain in the back will be pleasant to watch everyday don't like the asphalt but vegetation saves the view
2292,11,Overcast,4,6,5,5,feel like I am trapped with the big grey wall in front of the window but the trees on the left are nice and there is some background in the far with vegetation on the right so it is quite engaging but the wall in the middle is so tall and big with no windows
2412,12,Clear,7,7,6,8,I see nature and architecture of the buildings as well as the terrace are pleasant to see would be nice to see some people
2412,15,Clear,8,8,8,9,on the left I like that there is dark corridor which gives break and calming to my eyes and nice contrast to the bright right side and the buildings are nice
2412,4,Clear,6,7,6,7,the scenery is nice with landscape also the trees are pleasant on the left and there are nice architecture around but feel like the metal structure reflects too much sun and can blind me while working
2412,10,Overcast,6,7,6,6,like that I have a high view overlooking a large open area but the roof of the rolex is just concrete and not nice to see and overall not much to see that is interesting and don't like the weather
2412,14,Overcast,4,6,5,4,don't like the old buildings on the right which are depressing to look at with the stains and the point velo will be interesting to see with the activities that would go on but other than that not much to focus on
2412,13,Overcast,7,7,6,6,like that there are a lot of things going on with the mountains and lake in the far distance and also can see the rooftop with the trees and like seeing the scaffolding and evolution of the construction site so it will be an interesting view
2412,5,Overcast,7,8,6,5,like being able to see the terrace and nature around and the front side of the restaurant is nice to see with activities during the day and also like the architecture of buildings in this view but it can be distracting
2412,11,Clear,7,9,8,9,like being able to see the nature on the rooftop with birds flying would expect to see movement  here which is nice but don't like facing the building blocking my central vision
2412,6,Clear,8,8,7,7,"feel like this is not a calming environment with a lot going on and here everyone will always be in motion especially with a lot of passages which will be distracting but other than that the view is very pleasant with mountains, lake, nice weather, and nice buildings"
2412,2,Overcast,3,3,2,2,don't like the old stairway in front and there is too much manmade things around with not much nature and it is just the road with noises and not much interesting things to look at and overall it is all grey with the grey weather also
2402,6,Overcast,3,1,1,4,it is mostly grey and feels gloomy with the weather and grey sky
2402,4,Clear,6,4,6,7,there is a lot of greeneries which makes the scene feel more cozy and comfortable and I would like to study in this environment
2402,13,Clear,2,7,7,2,the view is interesting but the left side is quite dark and the right side the colors are a bit too disturbing but like the weather
2402,11,Overcast,1,1,0,0,there is a large grey block in front that blocks most of the view which is oppressing and makes me feel depressed and the weather is also grey
2402,14,Clear,2,2,1,1,there are many trees and the weather is sunny which is really nice but the view of the point velo is not nice to have for work environment which looks too much like a factory
2402,12,Overcast,0,2,0,0,this view is interesting with many details that I can look into but it is too dark and too gloomy which makes me want to run away from it so not really nice for studying
2402,2,Clear,5,2,3,8,"the sky, sunshine, and trees are very nice but the buildings are very industrial and not nice to look at"
2402,5,Overcast,5,4,5,6,the clouds are very nice and the space looks very spacious with no buildings blocking the view and the architecture is much nicer in this view
2402,15,Overcast,0,3,1,0,it is very gloomy and dark and the bright red on building across from the window is very disturbing which makes me feel very agitated
2402,10,Clear,8,8,9,8,it is very spacious and the sky feels very open and I can see quite far away and the sunny weather makes everything very pleasing to look at
2362,2,Clear,7,6,5,3,there are trees and bikes around with white and red buildings and I really like the color of the buildings and there is a big blue sky which is nice and clear but working in front of this view will be a bit depressing because it is too built
2362,6,Overcast,7,7,7,8,the view is very pleasant to see with a lot of vegetation and buildings are quite beautiful with mountains in the back and some birds flying but the sky is not so clear but overall I feel very peaceful
2362,13,Overcast,4,4,5,5,there are a lot of buildings but I feel a bit depressed it is mostly grey buildings with not so much colors and I don't see myself working here everyday it is not pleasant to see
2362,12,Overcast,4,3,3,3,there are some buildings and vegetation but the sky is not blue and it looks cloudy but don't like how old the buildings are but it is okay
2362,5,Clear,9,8,8,10,"really like this view there is a big blue sky, sunny weather, and mountains in the back, green vegetations and everything is beautiful with nice architecture and it is very peaceful and pleasant to see"
2362,15,Clear,8,8,6,7,the vegetation and buildings look nice together with the blue sky and sunny weather but the buildings look a bit old and not well maintained but other than that I really like this view and I find this view very peaceful
2362,14,Clear,8,6,4,5,there is a lot of vegetation which is quite nice to see but won't be able to work here everyday because there is not too much to see just some vegetation and old buildings with cars
2362,4,Overcast,7,5,6,6,the buildings are very nice to see with vegetation just in front of the window and overall quite peaceful and quiet with not many cars
2362,11,Clear,6,4,6,6,the window view is just in front of the building which is blocking everything but really like the blue sky and sunlight which makes the vegetation on the left look really beautiful but the building on the right ruins the view
2362,10,Overcast,4,5,5,5,like how vegetation and buildings are combined nicely together and there are big buildings in front that give a very urban feeling and the view in general is nice to see
2382,15,Clear,9,7,8,10,like the greenness that comes out of this view and the colors are beautiful and it is bright with sunlight 
2382,5,Overcast,7,6,7,8,really like the building in front and would enjoy the fact that it is a living place where people would come and go during the day
2382,10,Overcast,6,5,5,6,this view makes me sad the building looks kind of dirty and it is very cloudy and dark and almost feels post-apocalyptical
2382,4,Overcast,8,6,6,8,like the colors and the agora building and different trees around and I feel like I have my own tree here right in front which is nice
2382,2,Clear,7,5,5,6,like the view especially how the sun reflects on the building in front also the trees around but I feel separated from the rest with the tall building right in front which makes me feel lonely and alone
2382,14,Clear,7,7,6,7,don't really know what to say it is not great or that bad it is more like the average view I really like the brightness and the trees but there is nothing that is particularly interesting
2382,12,Overcast,7,8,8,7,feel like this view has a lot of potential but right now with the grey sky it feels dirty and sad and buildings don't help either but it is will be great to work if it is a sunny day outside
2382,13,Clear,9,7,7,8,definitely like the building with all the colors and also really enjoy that I can see the mountains in the back and of course it is a sunny day which is really enjoyable to see
2382,11,Clear,8,7,8,8,think it is a quiet place nice for working and it is also beautiful with the greeneries and there is a lot of open breathable space which I like a lot
2382,6,Overcast,7,8,6,7,like all the space there is and like the buildings around in terms of their style don't see the mountains clearly because of the cloudy weather overall I like this view
2422,14,Clear,4,4,4,5,there is not much distractions and it is sunny but overall it is a boring view
2422,6,Clear,8,7,6,7,it is sunny and bright and I like the contrast in this view but maybe too bright
2422,12,Overcast,6,5,5,7,it is not a joyful view but it feels like a perfect working condition with no distractions
2422,2,Clear,6,6,5,7,like the variance in this view it is colorful and there are trees and modern buildings around so like the view very much
2422,10,Clear,4,5,5,3,it feels very superficial and too sunny for working here and it does not feel like a work environment
2422,5,Overcast,7,7,6,8,like the color palette it might be my favorite and like that there are trees and vegetation around and love the building structures
2422,4,Overcast,4,5,4,4,feel like this view is very superficial even though there are trees it doesn't feel like there is life to it and it feels very still
2422,11,Clear,6,4,5,7,even though it is very modern and boring I like the overall vibe and colors with the sun
2422,15,Overcast,6,5,5,7,really like the alternating nature side and urban side of the view and the colors feel nice in this context
2422,13,Overcast,6,6,6,7,like how colorful one side is but a bit disturbing how not colorful the other side is and don't like the building site on the right
2142,2,Clear,6,6,5,6,like the trees around the window but maybe they are a bit too close and I like the sky in the back with sunlight
2142,15,Overcast,5,5,6,5,like the vegetation and trees around this view and feel protected by the buildings around and I think I can focus on my work because there is no distractions
2142,13,Overcast,7,5,6,6,like that it is an open view and that there is a view of the mountains and lake in the back the building on the right is not nice because it is under construction but overall it is a nice view
2142,4,Overcast,7,6,6,7,feel comfortable in this view and like how the vegetation is distributed and the space it has in general and there is a big open space which is nice and doesn't fell abandoned
2142,11,Overcast,4,3,4,4,don't like that the view is completely blocked by the big grey building in front and also the vegetation around seems a bit abandoned and not taken care of
2142,10,Clear,8,8,8,7,like all the open space and the light from the sun and the view can go really far with the mountains behind which is very pleasant and I feel comfortable but maybe it is too distracting for work with all the open spaces
2142,5,Overcast,7,7,6,6,like all the open spaces and the fact that I can also see the landscape behind and it feels a bit more protected with the buildings around so I feel like I can focus more here
2142,6,Clear,8,8,8,8,it is very pleasant and open with the direct view of the mountains and the lake and the buildings around give me a sense of protection and will allow me to focus better
2142,14,Clear,4,3,4,4,feel a bit out of everywhere here and isolated because all around me there are just grey buildings and trees so not a really comfortable view
2142,12,Clear,7,5,6,6,even though the building blocks the view I feel comfortable with vegetation and nice colors with the sunlight and blue sky and I feel like I can work well here
2342,4,Overcast,6,5,5,6,there is quite a lot of different buildings and it is an open space which I like to see
2342,11,Overcast,2,2,2,2,don't like there is a big wall just right in front of the window and everything is grey and not nice to look at
2342,12,Clear,7,4,5,5,feel a bit trapped in the space with walls all around the window but like the sunlight
2342,15,Clear,4,4,4,4,feels like I am in the hallway with the left side but like the sun with greeneries but don't like how I can't see farther
2342,6,Overcast,8,8,8,9,like the open space and like how I can see the mountains and lake in the back and I think it is one of the prettiest view on campus especially with the sunlight
2342,13,Clear,6,5,5,6,like the colorful building in front which contrasts other older grey buildings and I could enjoy working here with the mountains in the back and it is still quite open and there are some nature around as well
2342,2,Overcast,1,1,1,1,don't feel very comfortable there is the road and bicycle racks and doesn't feel very cozy to stay for a long time
2342,5,Clear,8,7,7,8,the mountains and lake are not so visible but there is still a lot of light and it is sunny outside which is nice but don't like the building blocking the view in front
2342,10,Clear,7,6,6,6,don't feel enclosed because the space in front is enjoyable with the rolex in the back which is nice to look at but it could have been maybe placed where I can see the mountains but like the sunny sky
2342,14,Overcast,1,1,1,0,it is not enjoyable and there is not much light and everything is grey and quite gloomy and the bicycle storage thing in front does not look pretty either so I feel like I am not going to work comfortably here