ParticipantID,Window(lux),SurveytDesk(lux),TestDesk(lux)A,SkyCondition,Nervous,Satisfied,Wideawake,Fullofenergy,Stressed,Peaceful,Highlymotivated,Worried,Enthusiastic
2062,199,324,293,Overcast,very slightly or not at all,moderately,moderately,moderately,very slightly or not at all,quite a bit,moderately,very slightly or not at all,moderately
2272,222,313,318,"Mostly cloudy, sunny sky",very slightly or not at all,a little,very slightly or not at all,very slightly or not at all,very slightly or not at all,moderately,a little,very slightly or not at all,a little
2012,1008,660,956,"Clear, sunny sky",quite a bit,very slightly or not at all,quite a bit,moderately,extremely,very slightly or not at all,a little,quite a bit,a little
2192,980,596,877,"Partly cloudy, sunny sky",moderately,quite a bit,moderately,moderately,moderately,quite a bit,a little,very slightly or not at all,moderately
2022,1130,591,693,"Partly cloudy, sunny sky",a little,moderately,extremely,extremely,a little,a little,moderately,a little,moderately
2032,1062,650,1090,"Clear, sunny sky",very slightly or not at all,quite a bit,extremely,quite a bit,very slightly or not at all,quite a bit,quite a bit,a little,moderately
2042,1070,622,904,"Clear, sunny sky",very slightly or not at all,extremely,extremely,extremely,moderately,moderately,extremely,moderately,quite a bit
2052,250,342,337,"Partly cloudy, sunny sky",a little,moderately,quite a bit,quite a bit,a little,quite a bit,quite a bit,very slightly or not at all,quite a bit
2072,210,320,326,Overcast,a little,quite a bit,moderately,quite a bit,very slightly or not at all,quite a bit,moderately,very slightly or not at all,moderately
2082,260,384,375,"Mostly cloudy, sunny sky",very slightly or not at all,moderately,quite a bit,quite a bit,very slightly or not at all,extremely,quite a bit,very slightly or not at all,quite a bit
2092,1023,534,650,"Partly cloudy, sunny sky",very slightly or not at all,quite a bit,moderately,moderately,very slightly or not at all,extremely,moderately,very slightly or not at all,moderately
2102,1263,615,730,"Clear, sunny sky",very slightly or not at all,quite a bit,quite a bit,quite a bit,quite a bit,moderately,quite a bit,a little,moderately
2112,1232,716,976,"Clear, sunny sky",very slightly or not at all,extremely,quite a bit,extremely,very slightly or not at all,extremely,extremely,very slightly or not at all,extremely
2122,1207,665,862,"Clear, sunny sky",very slightly or not at all,extremely,quite a bit,moderately,moderately,a little,quite a bit,a little,quite a bit
2132,240,345,380,"Clear, sunny sky",very slightly or not at all,moderately,extremely,quite a bit,a little,moderately,quite a bit,a little,quite a bit
2152,240,310,341,Overcast,very slightly or not at all,quite a bit,a little,a little,very slightly or not at all,quite a bit,moderately,a little,moderately
2162,258,335,347,"Mostly cloudy, sunny sky",very slightly or not at all,quite a bit,quite a bit,quite a bit,very slightly or not at all,extremely,quite a bit,very slightly or not at all,quite a bit
2202,307,339,386,"Mostly cloudy, sunny sky",very slightly or not at all,quite a bit,quite a bit,quite a bit,very slightly or not at all,moderately,quite a bit,a little,moderately
2212,313,353,370,"Mostly cloudy, sunny sky",very slightly or not at all,quite a bit,very slightly or not at all,very slightly or not at all,very slightly or not at all,extremely,a little,very slightly or not at all,quite a bit
2222,282,323,324,"Mostly cloudy, sunny sky",very slightly or not at all,a little,quite a bit,quite a bit,very slightly or not at all,quite a bit,moderately,very slightly or not at all,moderately
2232,230,352,346,"Mostly cloudy, sunny sky",very slightly or not at all,very slightly or not at all,a little,very slightly or not at all,very slightly or not at all,a little,very slightly or not at all,very slightly or not at all,very slightly or not at all
2242,263,314,321,"Mostly cloudy, sunny sky",very slightly or not at all,moderately,quite a bit,quite a bit,very slightly or not at all,quite a bit,moderately,very slightly or not at all,moderately
2252,651,384,465,"Partly cloudy, sunny sky",very slightly or not at all,quite a bit,quite a bit,quite a bit,a little,moderately,quite a bit,a little,moderately
2262,301,374,359,"Mostly cloudy, sunny sky",very slightly or not at all,moderately,quite a bit,quite a bit,very slightly or not at all,moderately,moderately,very slightly or not at all,moderately
2302,1345,655,1030,"Clear, sunny sky",very slightly or not at all,a little,a little,moderately,moderately,a little,moderately,a little,moderately
2282,273,316,329,"Mostly cloudy, sunny sky",a little,a little,moderately,moderately,very slightly or not at all,moderately,moderately,very slightly or not at all,moderately
2392,290,365,344,"Mostly cloudy, sunny sky",a little,quite a bit,moderately,moderately,a little,quite a bit,quite a bit,a little,moderately
2322,297,308,356,Overcast,very slightly or not at all,quite a bit,moderately,moderately,a little,a little,quite a bit,very slightly or not at all,quite a bit
2312,295,312,345,Overcast,very slightly or not at all,moderately,moderately,moderately,very slightly or not at all,quite a bit,quite a bit,very slightly or not at all,moderately
2172,276,312,362,Overcast,very slightly or not at all,quite a bit,quite a bit,quite a bit,very slightly or not at all,quite a bit,moderately,very slightly or not at all,moderately
2182,257,328,342,Overcast,very slightly or not at all,quite a bit,extremely,extremely,a little,quite a bit,quite a bit,very slightly or not at all,quite a bit
2352,278,319,365,Overcast,a little,moderately,quite a bit,moderately,quite a bit,a little,moderately,moderately,moderately
2332,273,345,332,Overcast,quite a bit,a little,extremely,extremely,extremely,a little,a little,quite a bit,moderately
2372,286,317,354,Overcast,very slightly or not at all,quite a bit,quite a bit,quite a bit,very slightly or not at all,moderately,moderately,very slightly or not at all,a little
2292,208,304,301,Overcast,a little,moderately,extremely,extremely,moderately,quite a bit,quite a bit,a little,extremely
2412,243,310,304,"Overcast, rainy",moderately,quite a bit,quite a bit,extremely,quite a bit,moderately,extremely,a little,extremely
2402,283,317,326,Overcast,a little,moderately,quite a bit,moderately,a little,moderately,moderately,moderately,a little
2362,310,348,378,Overcast,a little,quite a bit,quite a bit,quite a bit,moderately,quite a bit,quite a bit,moderately,quite a bit
2382,273,328,363,"Mostly cloudy, sunny sky",very slightly or not at all,moderately,extremely,quite a bit,very slightly or not at all,quite a bit,quite a bit,very slightly or not at all,moderately
2422,296,303,351,Overcast,moderately,quite a bit,quite a bit,quite a bit,a little,quite a bit,quite a bit,a little,quite a bit
2142,286,323,359,Overcast,a little,quite a bit,quite a bit,moderately,moderately,a little,quite a bit,a little,moderately
2342,215,314,308,Overccast,very slightly or not at all,quite a bit,a little,a little,very slightly or not at all,extremely,moderately,moderately,quite a bit